<?xml version="1.0" encoding="UTF-8"?>
<beans xmlns="http://www.springframework.org/schema/beans"
   xmlns:xsi="http://www.w3.org/2001/XMLSchema-instance"
   xmlns:tx="http://www.springframework.org/schema/tx"
   xsi:schemaLocation="http://www.springframework.org/schema/beans http://www.springframework.org/schema/beans/spring-beans.xsd
      http://www.springframework.org/schema/tx http://www.springframework.org/schema/tx/spring-tx-4.3.xsd">

   <!-- Mybatis 설정 시작 --> <!-- DB 연결하는 건 다 여기서 함-->
   <!-- 컨넥션 풀 -->
   <bean id="dataSource" class="org.springframework.jndi.JndiObjectFactoryBean">
      <property name="jndiName" value="java:comp/env/jdbc/jsp_pj_jsr" />
      <property name="resourceRef" value="true" />
   </bean>
   
   <!-- Mybatis 파일 위치 지정, 커넥션풀-->
   <bean id="sqlSessionFactory" class="org.mybatis.spring.SqlSessionFactoryBean">
      <property name="dataSource" ref="dataSource" /> <!-- 위에 id=dataSource인거 참조할거야 -->
      <property name="mapperLocations" value="classpath:mappers/**/*.xml" /> <!-- 이제 모든 sql을 xml로 만들거야 -->
   </bean>
   
   <bean id="sqlSession" class="org.mybatis.spring.SqlSessionTemplate">
      <constructor-arg ref="sqlSessionFactory" />
   </bean>
   <!-- Mybatis 설정 종료 -->
   
   <!-- 트랜잭션 관리자 : @Transactional 어노테이션 추가 -->
   <!-- Namespaces 탭에서  tx 추가-->
   <tx:annotation-driven transaction-manager="transactionManager"/>
   <bean id="transactionManager" class="org.springframework.jdbc.datasource.DataSourceTransactionManager">
      <property name="dataSource" ref="dataSource"></property>
   </bean>
</beans>