--------------------------------------------------------
--  파일이 생성됨 - 금요일-4월-15-2022   
--------------------------------------------------------
--------------------------------------------------------
--  DDL for Table ADMIN_TBL
--------------------------------------------------------

  CREATE TABLE "JSP_PJ_JSR"."ADMIN_TBL" 
   (	"ADMIN_NO" NUMBER, 
	"ADMIN_ID" VARCHAR2(20 BYTE), 
	"ADMIN_NICK" VARCHAR2(20 BYTE), 
	"AUTHORITY" VARCHAR2(30 BYTE) DEFAULT 'ROLE_ADMIN', 
	"ADMIN_PW" VARCHAR2(100 BYTE)
   ) SEGMENT CREATION IMMEDIATE 
  PCTFREE 10 PCTUSED 40 INITRANS 1 MAXTRANS 255 NOCOMPRESS LOGGING
  STORAGE(INITIAL 65536 NEXT 1048576 MINEXTENTS 1 MAXEXTENTS 2147483645
  PCTINCREASE 0 FREELISTS 1 FREELIST GROUPS 1 BUFFER_POOL DEFAULT FLASH_CACHE DEFAULT CELL_FLASH_CACHE DEFAULT)
  TABLESPACE "USERS" ;
--------------------------------------------------------
--  DDL for Table CART_TBL
--------------------------------------------------------

  CREATE TABLE "JSP_PJ_JSR"."CART_TBL" 
   (	"CART_NO" NUMBER, 
	"P_CODE" NUMBER, 
	"ID" VARCHAR2(20 BYTE), 
	"C_QTY" NUMBER
   ) SEGMENT CREATION IMMEDIATE 
  PCTFREE 10 PCTUSED 40 INITRANS 1 MAXTRANS 255 NOCOMPRESS LOGGING
  STORAGE(INITIAL 65536 NEXT 1048576 MINEXTENTS 1 MAXEXTENTS 2147483645
  PCTINCREASE 0 FREELISTS 1 FREELIST GROUPS 1 BUFFER_POOL DEFAULT FLASH_CACHE DEFAULT CELL_FLASH_CACHE DEFAULT)
  TABLESPACE "USERS" ;
--------------------------------------------------------
--  DDL for Table CUSTOMER_TBL
--------------------------------------------------------

  CREATE TABLE "JSP_PJ_JSR"."CUSTOMER_TBL" 
   (	"ID" VARCHAR2(20 BYTE), 
	"PASSWORD" VARCHAR2(100 BYTE), 
	"NAME" VARCHAR2(20 BYTE), 
	"NICKNAME" VARCHAR2(20 BYTE), 
	"BIRTHDAY" DATE, 
	"ADDRESS" VARCHAR2(100 BYTE), 
	"HP" VARCHAR2(13 BYTE), 
	"EMAIL" VARCHAR2(50 BYTE), 
	"INDATE" DATE DEFAULT sysdate, 
	"GRADE" VARCHAR2(30 BYTE) DEFAULT '일반', 
	"SHOW" CHAR(1 BYTE) DEFAULT 'y', 
	"KEY" VARCHAR2(100 BYTE), 
	"AUTHORITY" VARCHAR2(30 BYTE) DEFAULT 'ROLE_USER', 
	"ENABLED" NUMBER(1,0) DEFAULT 0
   ) SEGMENT CREATION IMMEDIATE 
  PCTFREE 10 PCTUSED 40 INITRANS 1 MAXTRANS 255 NOCOMPRESS LOGGING
  STORAGE(INITIAL 65536 NEXT 1048576 MINEXTENTS 1 MAXEXTENTS 2147483645
  PCTINCREASE 0 FREELISTS 1 FREELIST GROUPS 1 BUFFER_POOL DEFAULT FLASH_CACHE DEFAULT CELL_FLASH_CACHE DEFAULT)
  TABLESPACE "USERS" ;
--------------------------------------------------------
--  DDL for Table NOTICE_TBL
--------------------------------------------------------

  CREATE TABLE "JSP_PJ_JSR"."NOTICE_TBL" 
   (	"NOTICE_NO" NUMBER, 
	"TITLE" VARCHAR2(50 BYTE), 
	"CONTENT" CLOB, 
	"WRITER" VARCHAR2(20 BYTE), 
	"READCNT" NUMBER DEFAULT 0, 
	"INDATE" DATE DEFAULT sysdate, 
	"SHOW" CHAR(1 BYTE) DEFAULT 'y'
   ) SEGMENT CREATION IMMEDIATE 
  PCTFREE 10 PCTUSED 40 INITRANS 1 MAXTRANS 255 NOCOMPRESS LOGGING
  STORAGE(INITIAL 65536 NEXT 1048576 MINEXTENTS 1 MAXEXTENTS 2147483645
  PCTINCREASE 0 FREELISTS 1 FREELIST GROUPS 1 BUFFER_POOL DEFAULT FLASH_CACHE DEFAULT CELL_FLASH_CACHE DEFAULT)
  TABLESPACE "USERS" 
 LOB ("CONTENT") STORE AS BASICFILE (
  TABLESPACE "USERS" ENABLE STORAGE IN ROW CHUNK 8192 RETENTION 
  NOCACHE LOGGING 
  STORAGE(INITIAL 65536 NEXT 1048576 MINEXTENTS 1 MAXEXTENTS 2147483645
  PCTINCREASE 0 FREELISTS 1 FREELIST GROUPS 1 BUFFER_POOL DEFAULT FLASH_CACHE DEFAULT CELL_FLASH_CACHE DEFAULT)) ;
--------------------------------------------------------
--  DDL for Table ORDER_TBL
--------------------------------------------------------

  CREATE TABLE "JSP_PJ_JSR"."ORDER_TBL" 
   (	"ORDER_NO" NUMBER, 
	"P_CODE" NUMBER, 
	"P_PRICE" NUMBER, 
	"ID" VARCHAR2(20 BYTE), 
	"O_QTY" NUMBER, 
	"O_TOTAL" NUMBER, 
	"O_STATUS" VARCHAR2(30 BYTE) DEFAULT '구매요청', 
	"ORDER_DAY" DATE DEFAULT sysdate, 
	"R_QTY" NUMBER, 
	"REFUND_DAY" DATE, 
	"R_TOTAL" NUMBER
   ) SEGMENT CREATION IMMEDIATE 
  PCTFREE 10 PCTUSED 40 INITRANS 1 MAXTRANS 255 NOCOMPRESS LOGGING
  STORAGE(INITIAL 65536 NEXT 1048576 MINEXTENTS 1 MAXEXTENTS 2147483645
  PCTINCREASE 0 FREELISTS 1 FREELIST GROUPS 1 BUFFER_POOL DEFAULT FLASH_CACHE DEFAULT CELL_FLASH_CACHE DEFAULT)
  TABLESPACE "USERS" ;
--------------------------------------------------------
--  DDL for Table PRODUCT_TBL
--------------------------------------------------------

  CREATE TABLE "JSP_PJ_JSR"."PRODUCT_TBL" 
   (	"P_CODE" NUMBER, 
	"P_BRAND" VARCHAR2(20 BYTE), 
	"P_CATEGORY" VARCHAR2(20 BYTE), 
	"P_NAME" CLOB, 
	"P_CONTENT" VARCHAR2(100 BYTE), 
	"P_IMG" CLOB, 
	"P_PRICE" NUMBER, 
	"P_QTY" NUMBER, 
	"P_OPTION" VARCHAR2(20 BYTE) DEFAULT '선택안함', 
	"INDATE" DATE DEFAULT sysdate, 
	"OUTDATE" DATE DEFAULT sysdate+(INTERVAL '1' YEAR), 
	"STATUS" VARCHAR2(15 BYTE) DEFAULT '준비중'                     -- 판매상태(준비중,판매중,판매중지,판매완료,예약중)

   ) SEGMENT CREATION IMMEDIATE 
  PCTFREE 10 PCTUSED 40 INITRANS 1 MAXTRANS 255 NOCOMPRESS LOGGING
  STORAGE(INITIAL 65536 NEXT 1048576 MINEXTENTS 1 MAXEXTENTS 2147483645
  PCTINCREASE 0 FREELISTS 1 FREELIST GROUPS 1 BUFFER_POOL DEFAULT FLASH_CACHE DEFAULT CELL_FLASH_CACHE DEFAULT)
  TABLESPACE "USERS" 
 LOB ("P_NAME") STORE AS BASICFILE (
  TABLESPACE "USERS" ENABLE STORAGE IN ROW CHUNK 8192 RETENTION 
  NOCACHE LOGGING 
  STORAGE(INITIAL 65536 NEXT 1048576 MINEXTENTS 1 MAXEXTENTS 2147483645
  PCTINCREASE 0 FREELISTS 1 FREELIST GROUPS 1 BUFFER_POOL DEFAULT FLASH_CACHE DEFAULT CELL_FLASH_CACHE DEFAULT)) 
 LOB ("P_IMG") STORE AS BASICFILE (
  TABLESPACE "USERS" ENABLE STORAGE IN ROW CHUNK 8192 RETENTION 
  NOCACHE LOGGING 
  STORAGE(INITIAL 65536 NEXT 1048576 MINEXTENTS 1 MAXEXTENTS 2147483645
  PCTINCREASE 0 FREELISTS 1 FREELIST GROUPS 1 BUFFER_POOL DEFAULT FLASH_CACHE DEFAULT CELL_FLASH_CACHE DEFAULT)) ;
--------------------------------------------------------
--  DDL for Table ADMIN_TBL
--------------------------------------------------------

  CREATE TABLE "JSP_PJ_JSR"."ADMIN_TBL" 
   (	"ADMIN_NO" NUMBER, 
	"ADMIN_ID" VARCHAR2(20 BYTE), 
	"ADMIN_NICK" VARCHAR2(20 BYTE), 
	"AUTHORITY" VARCHAR2(30 BYTE) DEFAULT 'ROLE_ADMIN', 
	"ADMIN_PW" VARCHAR2(100 BYTE)
   ) SEGMENT CREATION IMMEDIATE 
  PCTFREE 10 PCTUSED 40 INITRANS 1 MAXTRANS 255 NOCOMPRESS LOGGING
  STORAGE(INITIAL 65536 NEXT 1048576 MINEXTENTS 1 MAXEXTENTS 2147483645
  PCTINCREASE 0 FREELISTS 1 FREELIST GROUPS 1 BUFFER_POOL DEFAULT FLASH_CACHE DEFAULT CELL_FLASH_CACHE DEFAULT)
  TABLESPACE "USERS" ;
--------------------------------------------------------
--  DDL for Table CART_TBL
--------------------------------------------------------

  CREATE TABLE "JSP_PJ_JSR"."CART_TBL" 
   (	"CART_NO" NUMBER, 
	"P_CODE" NUMBER, 
	"ID" VARCHAR2(20 BYTE), 
	"C_QTY" NUMBER
   ) SEGMENT CREATION IMMEDIATE 
  PCTFREE 10 PCTUSED 40 INITRANS 1 MAXTRANS 255 NOCOMPRESS LOGGING
  STORAGE(INITIAL 65536 NEXT 1048576 MINEXTENTS 1 MAXEXTENTS 2147483645
  PCTINCREASE 0 FREELISTS 1 FREELIST GROUPS 1 BUFFER_POOL DEFAULT FLASH_CACHE DEFAULT CELL_FLASH_CACHE DEFAULT)
  TABLESPACE "USERS" ;
--------------------------------------------------------
--  DDL for Table CUSTOMER_TBL
--------------------------------------------------------

  CREATE TABLE "JSP_PJ_JSR"."CUSTOMER_TBL" 
   (	"ID" VARCHAR2(20 BYTE), 
	"PASSWORD" VARCHAR2(100 BYTE), 
	"NAME" VARCHAR2(20 BYTE), 
	"NICKNAME" VARCHAR2(20 BYTE), 
	"BIRTHDAY" DATE, 
	"ADDRESS" VARCHAR2(100 BYTE), 
	"HP" VARCHAR2(13 BYTE), 
	"EMAIL" VARCHAR2(50 BYTE), 
	"INDATE" DATE DEFAULT sysdate, 
	"GRADE" VARCHAR2(30 BYTE) DEFAULT '일반', 
	"SHOW" CHAR(1 BYTE) DEFAULT 'y', 
	"KEY" VARCHAR2(100 BYTE), 
	"AUTHORITY" VARCHAR2(30 BYTE) DEFAULT 'ROLE_USER', 
	"ENABLED" NUMBER(1,0) DEFAULT 0
   ) SEGMENT CREATION IMMEDIATE 
  PCTFREE 10 PCTUSED 40 INITRANS 1 MAXTRANS 255 NOCOMPRESS LOGGING
  STORAGE(INITIAL 65536 NEXT 1048576 MINEXTENTS 1 MAXEXTENTS 2147483645
  PCTINCREASE 0 FREELISTS 1 FREELIST GROUPS 1 BUFFER_POOL DEFAULT FLASH_CACHE DEFAULT CELL_FLASH_CACHE DEFAULT)
  TABLESPACE "USERS" ;
--------------------------------------------------------
--  DDL for Table NOTICE_TBL
--------------------------------------------------------

  CREATE TABLE "JSP_PJ_JSR"."NOTICE_TBL" 
   (	"NOTICE_NO" NUMBER, 
	"TITLE" VARCHAR2(50 BYTE), 
	"CONTENT" CLOB, 
	"WRITER" VARCHAR2(20 BYTE), 
	"READCNT" NUMBER DEFAULT 0, 
	"INDATE" DATE DEFAULT sysdate, 
	"SHOW" CHAR(1 BYTE) DEFAULT 'y'
   ) SEGMENT CREATION IMMEDIATE 
  PCTFREE 10 PCTUSED 40 INITRANS 1 MAXTRANS 255 NOCOMPRESS LOGGING
  STORAGE(INITIAL 65536 NEXT 1048576 MINEXTENTS 1 MAXEXTENTS 2147483645
  PCTINCREASE 0 FREELISTS 1 FREELIST GROUPS 1 BUFFER_POOL DEFAULT FLASH_CACHE DEFAULT CELL_FLASH_CACHE DEFAULT)
  TABLESPACE "USERS" 
 LOB ("CONTENT") STORE AS BASICFILE (
  TABLESPACE "USERS" ENABLE STORAGE IN ROW CHUNK 8192 RETENTION 
  NOCACHE LOGGING 
  STORAGE(INITIAL 65536 NEXT 1048576 MINEXTENTS 1 MAXEXTENTS 2147483645
  PCTINCREASE 0 FREELISTS 1 FREELIST GROUPS 1 BUFFER_POOL DEFAULT FLASH_CACHE DEFAULT CELL_FLASH_CACHE DEFAULT)) ;
--------------------------------------------------------
--  DDL for Table ORDER_TBL
--------------------------------------------------------

  CREATE TABLE "JSP_PJ_JSR"."ORDER_TBL" 
   (	"ORDER_NO" NUMBER, 
	"P_CODE" NUMBER, 
	"P_PRICE" NUMBER, 
	"ID" VARCHAR2(20 BYTE), 
	"O_QTY" NUMBER, 
	"O_TOTAL" NUMBER, 
	"O_STATUS" VARCHAR2(30 BYTE) DEFAULT '구매요청', 
	"ORDER_DAY" DATE DEFAULT sysdate, 
	"R_QTY" NUMBER, 
	"REFUND_DAY" DATE, 
	"R_TOTAL" NUMBER
   ) SEGMENT CREATION IMMEDIATE 
  PCTFREE 10 PCTUSED 40 INITRANS 1 MAXTRANS 255 NOCOMPRESS LOGGING
  STORAGE(INITIAL 65536 NEXT 1048576 MINEXTENTS 1 MAXEXTENTS 2147483645
  PCTINCREASE 0 FREELISTS 1 FREELIST GROUPS 1 BUFFER_POOL DEFAULT FLASH_CACHE DEFAULT CELL_FLASH_CACHE DEFAULT)
  TABLESPACE "USERS" ;
--------------------------------------------------------
--  DDL for Table PRODUCT_TBL
--------------------------------------------------------

  CREATE TABLE "JSP_PJ_JSR"."PRODUCT_TBL" 
   (	"P_CODE" NUMBER, 
	"P_BRAND" VARCHAR2(20 BYTE), 
	"P_CATEGORY" VARCHAR2(20 BYTE), 
	"P_NAME" CLOB, 
	"P_CONTENT" VARCHAR2(100 BYTE), 
	"P_IMG" CLOB, 
	"P_PRICE" NUMBER, 
	"P_QTY" NUMBER, 
	"P_OPTION" VARCHAR2(20 BYTE) DEFAULT '선택안함', 
	"INDATE" DATE DEFAULT sysdate, 
	"OUTDATE" DATE DEFAULT sysdate+(INTERVAL '1' YEAR), 
	"STATUS" VARCHAR2(15 BYTE) DEFAULT '준비중'                     -- 판매상태(준비중,판매중,판매중지,판매완료,예약중)

   ) SEGMENT CREATION IMMEDIATE 
  PCTFREE 10 PCTUSED 40 INITRANS 1 MAXTRANS 255 NOCOMPRESS LOGGING
  STORAGE(INITIAL 65536 NEXT 1048576 MINEXTENTS 1 MAXEXTENTS 2147483645
  PCTINCREASE 0 FREELISTS 1 FREELIST GROUPS 1 BUFFER_POOL DEFAULT FLASH_CACHE DEFAULT CELL_FLASH_CACHE DEFAULT)
  TABLESPACE "USERS" 
 LOB ("P_NAME") STORE AS BASICFILE (
  TABLESPACE "USERS" ENABLE STORAGE IN ROW CHUNK 8192 RETENTION 
  NOCACHE LOGGING 
  STORAGE(INITIAL 65536 NEXT 1048576 MINEXTENTS 1 MAXEXTENTS 2147483645
  PCTINCREASE 0 FREELISTS 1 FREELIST GROUPS 1 BUFFER_POOL DEFAULT FLASH_CACHE DEFAULT CELL_FLASH_CACHE DEFAULT)) 
 LOB ("P_IMG") STORE AS BASICFILE (
  TABLESPACE "USERS" ENABLE STORAGE IN ROW CHUNK 8192 RETENTION 
  NOCACHE LOGGING 
  STORAGE(INITIAL 65536 NEXT 1048576 MINEXTENTS 1 MAXEXTENTS 2147483645
  PCTINCREASE 0 FREELISTS 1 FREELIST GROUPS 1 BUFFER_POOL DEFAULT FLASH_CACHE DEFAULT CELL_FLASH_CACHE DEFAULT)) ;
REM INSERTING into JSP_PJ_JSR.ADMIN_TBL
SET DEFINE OFF;
Insert into JSP_PJ_JSR.ADMIN_TBL (ADMIN_NO,ADMIN_ID,ADMIN_NICK,AUTHORITY,ADMIN_PW) values (1,'bb','뷱뱍이','ROLE_ADMIN','$2a$10$wjTFduOcK19o6YynleEuMO9JSTo2OknR8dFDvJ5dnAnIt0gjOZLdS');
Insert into JSP_PJ_JSR.ADMIN_TBL (ADMIN_NO,ADMIN_ID,ADMIN_NICK,AUTHORITY,ADMIN_PW) values (2,'bbyuk','뷱뷱이','ROLE_ADMIN','$2a$10$wjTFduOcK19o6YynleEuMO9JSTo2OknR8dFDvJ5dnAnIt0gjOZLdS');
Insert into JSP_PJ_JSR.ADMIN_TBL (ADMIN_NO,ADMIN_ID,ADMIN_NICK,AUTHORITY,ADMIN_PW) values (3,'bbyak','뱍뱍이','ROLE_ADMIN','$2a$10$wjTFduOcK19o6YynleEuMO9JSTo2OknR8dFDvJ5dnAnIt0gjOZLdS');
REM INSERTING into JSP_PJ_JSR.CART_TBL
SET DEFINE OFF;
REM INSERTING into JSP_PJ_JSR.CUSTOMER_TBL
SET DEFINE OFF;
Insert into JSP_PJ_JSR.CUSTOMER_TBL (ID,PASSWORD,NAME,NICKNAME,BIRTHDAY,ADDRESS,HP,EMAIL,INDATE,GRADE,SHOW,KEY,AUTHORITY,ENABLED) values ('kml','$2a$10$8iVSVawjWgIqyz3Q6yS6Nu2zkEwD5ytpImULvG.A5HBdIppSOKh3S','김지연','지연군',to_date('22/04/06','RR/MM/DD'),'13473_경기 성남시 분당구 경부고속도로 409_123_ (삼평동)','010-1234-1234','kosmo105jsr@gmail.com',to_date('22/04/06','RR/MM/DD'),'일반','y','DNLGO9','ROLE_USER',1);
Insert into JSP_PJ_JSR.CUSTOMER_TBL (ID,PASSWORD,NAME,NICKNAME,BIRTHDAY,ADDRESS,HP,EMAIL,INDATE,GRADE,SHOW,KEY,AUTHORITY,ENABLED) values ('test','$2a$10$zX0e6N1isoO0fQvT.ThitOZ0dLmeFkV3sXBNoMVnzCqYtXvIn.Waq','test','test123',to_date('22/04/07','RR/MM/DD'),'13473_경기 성남시 분당구 경부고속도로 409_1_ (삼평동)','010-1234-1234','kosmo105jsr@gmail.com',to_date('22/04/07','RR/MM/DD'),'일반','n','2L71FY','ROLE_USER',1);
Insert into JSP_PJ_JSR.CUSTOMER_TBL (ID,PASSWORD,NAME,NICKNAME,BIRTHDAY,ADDRESS,HP,EMAIL,INDATE,GRADE,SHOW,KEY,AUTHORITY,ENABLED) values ('test1','$2a$10$sMlwktpflDitEx8Wl8ELteT9gJBu1fZ9ZF4tY0FB/oO5dnPAaX.WK','test','테스터',to_date('22/04/07','RR/MM/DD'),'34672_대전 동구 판암동 497-7_1_','010-1234-1234','kosmo105jsr@gmail.com',to_date('22/04/07','RR/MM/DD'),'일반','n','MR6UI9','ROLE_USER',1);
Insert into JSP_PJ_JSR.CUSTOMER_TBL (ID,PASSWORD,NAME,NICKNAME,BIRTHDAY,ADDRESS,HP,EMAIL,INDATE,GRADE,SHOW,KEY,AUTHORITY,ENABLED) values ('test123','$2a$10$cAX.H7K2RiwxIJvRKRjjju.wRDqMPBPqcdB9NOL2JhijAOUN/L.cy','테스트','테스트123',to_date('22/04/07','RR/MM/DD'),'13473_경기 성남시 분당구 경부고속도로 409_1_ (삼평동)','010-1231-1231','kosmo105jsr@gmail.com',to_date('22/04/07','RR/MM/DD'),'일반','n','QFVEF9','ROLE_USER',1);
REM INSERTING into JSP_PJ_JSR.NOTICE_TBL
SET DEFINE OFF;
Insert into JSP_PJ_JSR.NOTICE_TBL (NOTICE_NO,TITLE,WRITER,READCNT,INDATE,SHOW) values (1,'공지사항 제목','뷱뱍이',0,to_date('22/03/23','RR/MM/DD'),'y');
Insert into JSP_PJ_JSR.NOTICE_TBL (NOTICE_NO,TITLE,WRITER,READCNT,INDATE,SHOW) values (2,'공지사항 제목','뷱뱍이',0,to_date('22/03/23','RR/MM/DD'),'y');
Insert into JSP_PJ_JSR.NOTICE_TBL (NOTICE_NO,TITLE,WRITER,READCNT,INDATE,SHOW) values (3,'공지사항 제목','뷱뱍이',0,to_date('22/03/23','RR/MM/DD'),'y');
Insert into JSP_PJ_JSR.NOTICE_TBL (NOTICE_NO,TITLE,WRITER,READCNT,INDATE,SHOW) values (4,'공지사항 제목','뷱뱍이',0,to_date('22/03/23','RR/MM/DD'),'y');
Insert into JSP_PJ_JSR.NOTICE_TBL (NOTICE_NO,TITLE,WRITER,READCNT,INDATE,SHOW) values (5,'공지사항 제목','뷱뱍이',0,to_date('22/03/23','RR/MM/DD'),'y');
Insert into JSP_PJ_JSR.NOTICE_TBL (NOTICE_NO,TITLE,WRITER,READCNT,INDATE,SHOW) values (6,'공지사항 제목','뷱뱍이',0,to_date('22/03/23','RR/MM/DD'),'y');
Insert into JSP_PJ_JSR.NOTICE_TBL (NOTICE_NO,TITLE,WRITER,READCNT,INDATE,SHOW) values (7,'공지사항 제목','뷱뱍이',0,to_date('22/03/23','RR/MM/DD'),'y');
Insert into JSP_PJ_JSR.NOTICE_TBL (NOTICE_NO,TITLE,WRITER,READCNT,INDATE,SHOW) values (8,'공지사항 제목','뷱뱍이',0,to_date('22/03/23','RR/MM/DD'),'y');
Insert into JSP_PJ_JSR.NOTICE_TBL (NOTICE_NO,TITLE,WRITER,READCNT,INDATE,SHOW) values (9,'공지사항 제목','뷱뱍이',0,to_date('22/03/23','RR/MM/DD'),'y');
Insert into JSP_PJ_JSR.NOTICE_TBL (NOTICE_NO,TITLE,WRITER,READCNT,INDATE,SHOW) values (10,'공지사항 제목','뷱뱍이',0,to_date('22/03/23','RR/MM/DD'),'y');
Insert into JSP_PJ_JSR.NOTICE_TBL (NOTICE_NO,TITLE,WRITER,READCNT,INDATE,SHOW) values (11,'공지사항 제목','뷱뱍이',0,to_date('22/03/23','RR/MM/DD'),'y');
Insert into JSP_PJ_JSR.NOTICE_TBL (NOTICE_NO,TITLE,WRITER,READCNT,INDATE,SHOW) values (12,'공지사항 제목','뷱뱍이',0,to_date('22/03/23','RR/MM/DD'),'y');
Insert into JSP_PJ_JSR.NOTICE_TBL (NOTICE_NO,TITLE,WRITER,READCNT,INDATE,SHOW) values (13,'공지사항 제목','뷱뱍이',0,to_date('22/03/23','RR/MM/DD'),'y');
Insert into JSP_PJ_JSR.NOTICE_TBL (NOTICE_NO,TITLE,WRITER,READCNT,INDATE,SHOW) values (14,'공지사항 제목','뷱뱍이',0,to_date('22/03/23','RR/MM/DD'),'y');
Insert into JSP_PJ_JSR.NOTICE_TBL (NOTICE_NO,TITLE,WRITER,READCNT,INDATE,SHOW) values (15,'공지사항 제목','뷱뱍이',0,to_date('22/03/23','RR/MM/DD'),'y');
Insert into JSP_PJ_JSR.NOTICE_TBL (NOTICE_NO,TITLE,WRITER,READCNT,INDATE,SHOW) values (16,'공지사항 제목','뷱뱍이',0,to_date('22/03/23','RR/MM/DD'),'y');
Insert into JSP_PJ_JSR.NOTICE_TBL (NOTICE_NO,TITLE,WRITER,READCNT,INDATE,SHOW) values (17,'공지사항 제목','뷱뱍이',0,to_date('22/03/23','RR/MM/DD'),'y');
Insert into JSP_PJ_JSR.NOTICE_TBL (NOTICE_NO,TITLE,WRITER,READCNT,INDATE,SHOW) values (18,'공지사항 제목','뷱뱍이',0,to_date('22/03/23','RR/MM/DD'),'y');
Insert into JSP_PJ_JSR.NOTICE_TBL (NOTICE_NO,TITLE,WRITER,READCNT,INDATE,SHOW) values (19,'공지사항 제목','뷱뱍이',0,to_date('22/03/23','RR/MM/DD'),'y');
Insert into JSP_PJ_JSR.NOTICE_TBL (NOTICE_NO,TITLE,WRITER,READCNT,INDATE,SHOW) values (20,'공지사항 제목','뷱뱍이',0,to_date('22/03/23','RR/MM/DD'),'y');
Insert into JSP_PJ_JSR.NOTICE_TBL (NOTICE_NO,TITLE,WRITER,READCNT,INDATE,SHOW) values (21,'공지사항 제목','뷱뱍이',0,to_date('22/03/23','RR/MM/DD'),'y');
Insert into JSP_PJ_JSR.NOTICE_TBL (NOTICE_NO,TITLE,WRITER,READCNT,INDATE,SHOW) values (22,'공지사항 제목','뷱뱍이',0,to_date('22/03/23','RR/MM/DD'),'y');
Insert into JSP_PJ_JSR.NOTICE_TBL (NOTICE_NO,TITLE,WRITER,READCNT,INDATE,SHOW) values (23,'공지사항 제목','뷱뱍이',0,to_date('22/03/23','RR/MM/DD'),'y');
Insert into JSP_PJ_JSR.NOTICE_TBL (NOTICE_NO,TITLE,WRITER,READCNT,INDATE,SHOW) values (24,'공지사항 제목','뷱뱍이',1,to_date('22/03/23','RR/MM/DD'),'y');
Insert into JSP_PJ_JSR.NOTICE_TBL (NOTICE_NO,TITLE,WRITER,READCNT,INDATE,SHOW) values (25,'공지사항 제목','뷱뱍이',0,to_date('22/03/23','RR/MM/DD'),'y');
Insert into JSP_PJ_JSR.NOTICE_TBL (NOTICE_NO,TITLE,WRITER,READCNT,INDATE,SHOW) values (26,'공지사항 제목','뷱뱍이',0,to_date('22/03/23','RR/MM/DD'),'y');
Insert into JSP_PJ_JSR.NOTICE_TBL (NOTICE_NO,TITLE,WRITER,READCNT,INDATE,SHOW) values (27,'공지사항 제목','뷱뱍이',0,to_date('22/03/23','RR/MM/DD'),'y');
Insert into JSP_PJ_JSR.NOTICE_TBL (NOTICE_NO,TITLE,WRITER,READCNT,INDATE,SHOW) values (28,'공지사항 제목','뷱뱍이',1,to_date('22/03/23','RR/MM/DD'),'y');
Insert into JSP_PJ_JSR.NOTICE_TBL (NOTICE_NO,TITLE,WRITER,READCNT,INDATE,SHOW) values (29,'공지사항 제목','뷱뱍이',1,to_date('22/03/23','RR/MM/DD'),'y');
Insert into JSP_PJ_JSR.NOTICE_TBL (NOTICE_NO,TITLE,WRITER,READCNT,INDATE,SHOW) values (30,'공지사항 제목1','뷱뱍이',0,to_date('22/03/23','RR/MM/DD'),'n');
Insert into JSP_PJ_JSR.NOTICE_TBL (NOTICE_NO,TITLE,WRITER,READCNT,INDATE,SHOW) values (31,'공지사항 제목','뷱뱍이',1,to_date('22/03/23','RR/MM/DD'),'n');
Insert into JSP_PJ_JSR.NOTICE_TBL (NOTICE_NO,TITLE,WRITER,READCNT,INDATE,SHOW) values (32,'공지사항 제목','뷱뱍이',3,to_date('22/03/23','RR/MM/DD'),'y');
Insert into JSP_PJ_JSR.NOTICE_TBL (NOTICE_NO,TITLE,WRITER,READCNT,INDATE,SHOW) values (33,'공지사항 제목','뷱뱍이',3,to_date('22/03/23','RR/MM/DD'),'y');
Insert into JSP_PJ_JSR.NOTICE_TBL (NOTICE_NO,TITLE,WRITER,READCNT,INDATE,SHOW) values (34,'공지사항 제목','뷱뱍이',12,to_date('22/03/23','RR/MM/DD'),'y');
Insert into JSP_PJ_JSR.NOTICE_TBL (NOTICE_NO,TITLE,WRITER,READCNT,INDATE,SHOW) values (35,'공지사항 제목1','뷱뱍이',14,to_date('22/03/23','RR/MM/DD'),'n');
Insert into JSP_PJ_JSR.NOTICE_TBL (NOTICE_NO,TITLE,WRITER,READCNT,INDATE,SHOW) values (36,'공지사항 제목12312424','뷱뱍이',32,to_date('22/03/23','RR/MM/DD'),'y');
Insert into JSP_PJ_JSR.NOTICE_TBL (NOTICE_NO,TITLE,WRITER,READCNT,INDATE,SHOW) values (37,'공지사항 제목1234','뷱뱍이',46,to_date('22/03/23','RR/MM/DD'),'y');
REM INSERTING into JSP_PJ_JSR.ORDER_TBL
SET DEFINE OFF;
Insert into JSP_PJ_JSR.ORDER_TBL (ORDER_NO,P_CODE,P_PRICE,ID,O_QTY,O_TOTAL,O_STATUS,ORDER_DAY,R_QTY,REFUND_DAY,R_TOTAL) values (2,6,13000,'kml',1,13000,'환불요청',to_date('22/03/24','RR/MM/DD'),null,null,null);
Insert into JSP_PJ_JSR.ORDER_TBL (ORDER_NO,P_CODE,P_PRICE,ID,O_QTY,O_TOTAL,O_STATUS,ORDER_DAY,R_QTY,REFUND_DAY,R_TOTAL) values (3,4,14800,'kml',0,0,'환불승인',to_date('22/03/24','RR/MM/DD'),1,to_date('22/03/24','RR/MM/DD'),14800);
Insert into JSP_PJ_JSR.ORDER_TBL (ORDER_NO,P_CODE,P_PRICE,ID,O_QTY,O_TOTAL,O_STATUS,ORDER_DAY,R_QTY,REFUND_DAY,R_TOTAL) values (4,7,13000,'kml',1,13000,'환불취소',to_date('22/03/24','RR/MM/DD'),null,null,null);
Insert into JSP_PJ_JSR.ORDER_TBL (ORDER_NO,P_CODE,P_PRICE,ID,O_QTY,O_TOTAL,O_STATUS,ORDER_DAY,R_QTY,REFUND_DAY,R_TOTAL) values (5,6,13000,'kml',1,13000,'주문취소',to_date('22/03/24','RR/MM/DD'),null,null,null);
Insert into JSP_PJ_JSR.ORDER_TBL (ORDER_NO,P_CODE,P_PRICE,ID,O_QTY,O_TOTAL,O_STATUS,ORDER_DAY,R_QTY,REFUND_DAY,R_TOTAL) values (6,4,14800,'kml',1,14800,'주문취소',to_date('22/03/24','RR/MM/DD'),null,null,null);
Insert into JSP_PJ_JSR.ORDER_TBL (ORDER_NO,P_CODE,P_PRICE,ID,O_QTY,O_TOTAL,O_STATUS,ORDER_DAY,R_QTY,REFUND_DAY,R_TOTAL) values (41,8,14900,'1234',3,44700,'주문취소',to_date('22/04/05','RR/MM/DD'),null,null,null);
Insert into JSP_PJ_JSR.ORDER_TBL (ORDER_NO,P_CODE,P_PRICE,ID,O_QTY,O_TOTAL,O_STATUS,ORDER_DAY,R_QTY,REFUND_DAY,R_TOTAL) values (42,8,14900,'1234',4,59600,'주문취소',to_date('22/04/05','RR/MM/DD'),null,null,null);
Insert into JSP_PJ_JSR.ORDER_TBL (ORDER_NO,P_CODE,P_PRICE,ID,O_QTY,O_TOTAL,O_STATUS,ORDER_DAY,R_QTY,REFUND_DAY,R_TOTAL) values (43,7,15900,'1234',4,63600,'주문취소',to_date('22/04/05','RR/MM/DD'),null,null,null);
Insert into JSP_PJ_JSR.ORDER_TBL (ORDER_NO,P_CODE,P_PRICE,ID,O_QTY,O_TOTAL,O_STATUS,ORDER_DAY,R_QTY,REFUND_DAY,R_TOTAL) values (44,6,14900,'1234',4,59600,'구매확정',to_date('22/04/05','RR/MM/DD'),null,null,null);
Insert into JSP_PJ_JSR.ORDER_TBL (ORDER_NO,P_CODE,P_PRICE,ID,O_QTY,O_TOTAL,O_STATUS,ORDER_DAY,R_QTY,REFUND_DAY,R_TOTAL) values (45,7,15900,'1234',5,0,'구매거절',to_date('22/04/05','RR/MM/DD'),null,null,null);
Insert into JSP_PJ_JSR.ORDER_TBL (ORDER_NO,P_CODE,P_PRICE,ID,O_QTY,O_TOTAL,O_STATUS,ORDER_DAY,R_QTY,REFUND_DAY,R_TOTAL) values (46,3,30900,'1234',8,247200,'환불취소',to_date('22/04/05','RR/MM/DD'),null,null,null);
Insert into JSP_PJ_JSR.ORDER_TBL (ORDER_NO,P_CODE,P_PRICE,ID,O_QTY,O_TOTAL,O_STATUS,ORDER_DAY,R_QTY,REFUND_DAY,R_TOTAL) values (47,9,14900,'1234',0,0,'환불승인',to_date('22/04/05','RR/MM/DD'),1,to_date('22/04/05','RR/MM/DD'),14900);
Insert into JSP_PJ_JSR.ORDER_TBL (ORDER_NO,P_CODE,P_PRICE,ID,O_QTY,O_TOTAL,O_STATUS,ORDER_DAY,R_QTY,REFUND_DAY,R_TOTAL) values (48,4,24900,'1234',0,0,'환불승인',to_date('22/04/05','RR/MM/DD'),1,to_date('22/04/05','RR/MM/DD'),24900);
Insert into JSP_PJ_JSR.ORDER_TBL (ORDER_NO,P_CODE,P_PRICE,ID,O_QTY,O_TOTAL,O_STATUS,ORDER_DAY,R_QTY,REFUND_DAY,R_TOTAL) values (49,6,14900,'1234',0,0,'환불승인',to_date('22/04/05','RR/MM/DD'),1,to_date('22/04/05','RR/MM/DD'),14900);
Insert into JSP_PJ_JSR.ORDER_TBL (ORDER_NO,P_CODE,P_PRICE,ID,O_QTY,O_TOTAL,O_STATUS,ORDER_DAY,R_QTY,REFUND_DAY,R_TOTAL) values (50,9,14900,'1234',1,14900,'구매확정',to_date('22/04/05','RR/MM/DD'),null,null,null);
Insert into JSP_PJ_JSR.ORDER_TBL (ORDER_NO,P_CODE,P_PRICE,ID,O_QTY,O_TOTAL,O_STATUS,ORDER_DAY,R_QTY,REFUND_DAY,R_TOTAL) values (51,9,14900,'1234',0,0,'환불승인',to_date('22/04/05','RR/MM/DD'),1,to_date('22/04/05','RR/MM/DD'),14900);
Insert into JSP_PJ_JSR.ORDER_TBL (ORDER_NO,P_CODE,P_PRICE,ID,O_QTY,O_TOTAL,O_STATUS,ORDER_DAY,R_QTY,REFUND_DAY,R_TOTAL) values (52,7,15900,'1234',0,0,'환불승인',to_date('22/04/05','RR/MM/DD'),1,to_date('22/04/05','RR/MM/DD'),15900);
Insert into JSP_PJ_JSR.ORDER_TBL (ORDER_NO,P_CODE,P_PRICE,ID,O_QTY,O_TOTAL,O_STATUS,ORDER_DAY,R_QTY,REFUND_DAY,R_TOTAL) values (53,6,14900,'1234',0,0,'환불승인',to_date('22/04/05','RR/MM/DD'),1,to_date('22/04/05','RR/MM/DD'),14900);
Insert into JSP_PJ_JSR.ORDER_TBL (ORDER_NO,P_CODE,P_PRICE,ID,O_QTY,O_TOTAL,O_STATUS,ORDER_DAY,R_QTY,REFUND_DAY,R_TOTAL) values (54,5,13900,'1234',1,13900,'구매승인',to_date('22/04/05','RR/MM/DD'),null,null,null);
Insert into JSP_PJ_JSR.ORDER_TBL (ORDER_NO,P_CODE,P_PRICE,ID,O_QTY,O_TOTAL,O_STATUS,ORDER_DAY,R_QTY,REFUND_DAY,R_TOTAL) values (55,7,15900,'1234',1,15900,'구매승인',to_date('22/04/05','RR/MM/DD'),null,null,null);
Insert into JSP_PJ_JSR.ORDER_TBL (ORDER_NO,P_CODE,P_PRICE,ID,O_QTY,O_TOTAL,O_STATUS,ORDER_DAY,R_QTY,REFUND_DAY,R_TOTAL) values (56,7,15900,'1234',4,63600,'구매승인',to_date('22/04/05','RR/MM/DD'),null,null,null);
Insert into JSP_PJ_JSR.ORDER_TBL (ORDER_NO,P_CODE,P_PRICE,ID,O_QTY,O_TOTAL,O_STATUS,ORDER_DAY,R_QTY,REFUND_DAY,R_TOTAL) values (57,4,24900,'1234',4,99600,'구매승인',to_date('22/04/05','RR/MM/DD'),null,null,null);
Insert into JSP_PJ_JSR.ORDER_TBL (ORDER_NO,P_CODE,P_PRICE,ID,O_QTY,O_TOTAL,O_STATUS,ORDER_DAY,R_QTY,REFUND_DAY,R_TOTAL) values (58,9,14900,'1234',4,59600,'구매승인',to_date('22/04/05','RR/MM/DD'),null,null,null);
Insert into JSP_PJ_JSR.ORDER_TBL (ORDER_NO,P_CODE,P_PRICE,ID,O_QTY,O_TOTAL,O_STATUS,ORDER_DAY,R_QTY,REFUND_DAY,R_TOTAL) values (81,13,15000,'kml',1,15000,'환불취소',to_date('22/04/06','RR/MM/DD'),null,null,null);
Insert into JSP_PJ_JSR.ORDER_TBL (ORDER_NO,P_CODE,P_PRICE,ID,O_QTY,O_TOTAL,O_STATUS,ORDER_DAY,R_QTY,REFUND_DAY,R_TOTAL) values (82,14,15000,'kml',0,0,'환불승인',to_date('22/04/06','RR/MM/DD'),5,to_date('22/04/07','RR/MM/DD'),75000);
Insert into JSP_PJ_JSR.ORDER_TBL (ORDER_NO,P_CODE,P_PRICE,ID,O_QTY,O_TOTAL,O_STATUS,ORDER_DAY,R_QTY,REFUND_DAY,R_TOTAL) values (83,13,15000,'kml',1,15000,'구매확정',to_date('22/04/06','RR/MM/DD'),null,null,null);
Insert into JSP_PJ_JSR.ORDER_TBL (ORDER_NO,P_CODE,P_PRICE,ID,O_QTY,O_TOTAL,O_STATUS,ORDER_DAY,R_QTY,REFUND_DAY,R_TOTAL) values (84,13,15000,'kml',0,0,'환불승인',to_date('22/04/07','RR/MM/DD'),1,to_date('22/04/07','RR/MM/DD'),15000);
Insert into JSP_PJ_JSR.ORDER_TBL (ORDER_NO,P_CODE,P_PRICE,ID,O_QTY,O_TOTAL,O_STATUS,ORDER_DAY,R_QTY,REFUND_DAY,R_TOTAL) values (27,10,8900,'kml',6,53400,'구매확정',to_date('22/03/28','RR/MM/DD'),null,null,null);
Insert into JSP_PJ_JSR.ORDER_TBL (ORDER_NO,P_CODE,P_PRICE,ID,O_QTY,O_TOTAL,O_STATUS,ORDER_DAY,R_QTY,REFUND_DAY,R_TOTAL) values (28,3,49000,'kml',0,0,'환불승인',to_date('22/03/28','RR/MM/DD'),1,to_date('22/04/05','RR/MM/DD'),49000);
Insert into JSP_PJ_JSR.ORDER_TBL (ORDER_NO,P_CODE,P_PRICE,ID,O_QTY,O_TOTAL,O_STATUS,ORDER_DAY,R_QTY,REFUND_DAY,R_TOTAL) values (29,3,49000,'kml',6,0,'구매거절',to_date('22/03/28','RR/MM/DD'),null,null,null);
Insert into JSP_PJ_JSR.ORDER_TBL (ORDER_NO,P_CODE,P_PRICE,ID,O_QTY,O_TOTAL,O_STATUS,ORDER_DAY,R_QTY,REFUND_DAY,R_TOTAL) values (30,9,9900,'kml',4,39600,'구매확정',to_date('22/03/28','RR/MM/DD'),null,null,null);
Insert into JSP_PJ_JSR.ORDER_TBL (ORDER_NO,P_CODE,P_PRICE,ID,O_QTY,O_TOTAL,O_STATUS,ORDER_DAY,R_QTY,REFUND_DAY,R_TOTAL) values (31,12,4000,'kml',10,40000,'주문취소',to_date('22/03/28','RR/MM/DD'),null,null,null);
Insert into JSP_PJ_JSR.ORDER_TBL (ORDER_NO,P_CODE,P_PRICE,ID,O_QTY,O_TOTAL,O_STATUS,ORDER_DAY,R_QTY,REFUND_DAY,R_TOTAL) values (59,14,15000,'kml',6,90000,'구매확정',to_date('22/04/05','RR/MM/DD'),null,null,null);
Insert into JSP_PJ_JSR.ORDER_TBL (ORDER_NO,P_CODE,P_PRICE,ID,O_QTY,O_TOTAL,O_STATUS,ORDER_DAY,R_QTY,REFUND_DAY,R_TOTAL) values (60,12,15000,'kml',5,75000,'구매확정',to_date('22/04/05','RR/MM/DD'),null,null,null);
Insert into JSP_PJ_JSR.ORDER_TBL (ORDER_NO,P_CODE,P_PRICE,ID,O_QTY,O_TOTAL,O_STATUS,ORDER_DAY,R_QTY,REFUND_DAY,R_TOTAL) values (61,21,3000,'kml',10,30000,'구매확정',to_date('22/04/05','RR/MM/DD'),null,null,null);
Insert into JSP_PJ_JSR.ORDER_TBL (ORDER_NO,P_CODE,P_PRICE,ID,O_QTY,O_TOTAL,O_STATUS,ORDER_DAY,R_QTY,REFUND_DAY,R_TOTAL) values (62,19,4000,'kml',20,80000,'환불취소',to_date('22/04/05','RR/MM/DD'),null,null,null);
Insert into JSP_PJ_JSR.ORDER_TBL (ORDER_NO,P_CODE,P_PRICE,ID,O_QTY,O_TOTAL,O_STATUS,ORDER_DAY,R_QTY,REFUND_DAY,R_TOTAL) values (63,17,4000,'kml',10,40000,'환불취소',to_date('22/04/05','RR/MM/DD'),null,null,null);
Insert into JSP_PJ_JSR.ORDER_TBL (ORDER_NO,P_CODE,P_PRICE,ID,O_QTY,O_TOTAL,O_STATUS,ORDER_DAY,R_QTY,REFUND_DAY,R_TOTAL) values (64,19,4000,'kml',20,80000,'주문취소',to_date('22/04/05','RR/MM/DD'),null,null,null);
Insert into JSP_PJ_JSR.ORDER_TBL (ORDER_NO,P_CODE,P_PRICE,ID,O_QTY,O_TOTAL,O_STATUS,ORDER_DAY,R_QTY,REFUND_DAY,R_TOTAL) values (65,18,3000,'kml',30,90000,'주문취소',to_date('22/04/05','RR/MM/DD'),null,null,null);
Insert into JSP_PJ_JSR.ORDER_TBL (ORDER_NO,P_CODE,P_PRICE,ID,O_QTY,O_TOTAL,O_STATUS,ORDER_DAY,R_QTY,REFUND_DAY,R_TOTAL) values (86,19,4000,'kml',1,4000,'주문취소',to_date('22/04/07','RR/MM/DD'),null,null,null);
Insert into JSP_PJ_JSR.ORDER_TBL (ORDER_NO,P_CODE,P_PRICE,ID,O_QTY,O_TOTAL,O_STATUS,ORDER_DAY,R_QTY,REFUND_DAY,R_TOTAL) values (87,19,4000,'kml',50,200000,'구매요청',to_date('22/04/07','RR/MM/DD'),null,null,null);
Insert into JSP_PJ_JSR.ORDER_TBL (ORDER_NO,P_CODE,P_PRICE,ID,O_QTY,O_TOTAL,O_STATUS,ORDER_DAY,R_QTY,REFUND_DAY,R_TOTAL) values (88,11,15000,'kml',0,0,'환불승인',to_date('22/04/07','RR/MM/DD'),50,to_date('22/04/07','RR/MM/DD'),750000);
Insert into JSP_PJ_JSR.ORDER_TBL (ORDER_NO,P_CODE,P_PRICE,ID,O_QTY,O_TOTAL,O_STATUS,ORDER_DAY,R_QTY,REFUND_DAY,R_TOTAL) values (89,15,50000,'kml',30,1500000,'구매확정',to_date('22/04/07','RR/MM/DD'),null,null,null);
Insert into JSP_PJ_JSR.ORDER_TBL (ORDER_NO,P_CODE,P_PRICE,ID,O_QTY,O_TOTAL,O_STATUS,ORDER_DAY,R_QTY,REFUND_DAY,R_TOTAL) values (90,16,50000,'kml',0,0,'환불승인',to_date('22/04/07','RR/MM/DD'),5,to_date('22/04/07','RR/MM/DD'),250000);
Insert into JSP_PJ_JSR.ORDER_TBL (ORDER_NO,P_CODE,P_PRICE,ID,O_QTY,O_TOTAL,O_STATUS,ORDER_DAY,R_QTY,REFUND_DAY,R_TOTAL) values (91,15,50000,'kml',5,250000,'환불취소',to_date('22/04/07','RR/MM/DD'),null,null,null);
Insert into JSP_PJ_JSR.ORDER_TBL (ORDER_NO,P_CODE,P_PRICE,ID,O_QTY,O_TOTAL,O_STATUS,ORDER_DAY,R_QTY,REFUND_DAY,R_TOTAL) values (92,14,15000,'kml',20,300000,'구매확정',to_date('22/04/07','RR/MM/DD'),null,null,null);
Insert into JSP_PJ_JSR.ORDER_TBL (ORDER_NO,P_CODE,P_PRICE,ID,O_QTY,O_TOTAL,O_STATUS,ORDER_DAY,R_QTY,REFUND_DAY,R_TOTAL) values (85,12,15000,'kml',0,0,'환불승인',to_date('22/04/07','RR/MM/DD'),10,to_date('22/04/07','RR/MM/DD'),150000);
Insert into JSP_PJ_JSR.ORDER_TBL (ORDER_NO,P_CODE,P_PRICE,ID,O_QTY,O_TOTAL,O_STATUS,ORDER_DAY,R_QTY,REFUND_DAY,R_TOTAL) values (93,20,4000,'kml',50,200000,'주문취소',to_date('22/04/07','RR/MM/DD'),null,null,null);
Insert into JSP_PJ_JSR.ORDER_TBL (ORDER_NO,P_CODE,P_PRICE,ID,O_QTY,O_TOTAL,O_STATUS,ORDER_DAY,R_QTY,REFUND_DAY,R_TOTAL) values (94,21,3000,'kml',50,150000,'구매승인',to_date('22/04/07','RR/MM/DD'),null,null,null);
Insert into JSP_PJ_JSR.ORDER_TBL (ORDER_NO,P_CODE,P_PRICE,ID,O_QTY,O_TOTAL,O_STATUS,ORDER_DAY,R_QTY,REFUND_DAY,R_TOTAL) values (95,15,50000,'kml',1,0,'구매거절',to_date('22/04/07','RR/MM/DD'),null,null,null);
Insert into JSP_PJ_JSR.ORDER_TBL (ORDER_NO,P_CODE,P_PRICE,ID,O_QTY,O_TOTAL,O_STATUS,ORDER_DAY,R_QTY,REFUND_DAY,R_TOTAL) values (96,18,3000,'kml',50,150000,'구매승인',to_date('22/04/07','RR/MM/DD'),null,null,null);
Insert into JSP_PJ_JSR.ORDER_TBL (ORDER_NO,P_CODE,P_PRICE,ID,O_QTY,O_TOTAL,O_STATUS,ORDER_DAY,R_QTY,REFUND_DAY,R_TOTAL) values (1,7,13000,'kml',1,13000,'구매요청',to_date('22/03/24','RR/MM/DD'),null,null,null);
Insert into JSP_PJ_JSR.ORDER_TBL (ORDER_NO,P_CODE,P_PRICE,ID,O_QTY,O_TOTAL,O_STATUS,ORDER_DAY,R_QTY,REFUND_DAY,R_TOTAL) values (8,11,13000,'kml',1,13000,'환불취소',to_date('22/03/27','RR/MM/DD'),null,null,null);
Insert into JSP_PJ_JSR.ORDER_TBL (ORDER_NO,P_CODE,P_PRICE,ID,O_QTY,O_TOTAL,O_STATUS,ORDER_DAY,R_QTY,REFUND_DAY,R_TOTAL) values (9,10,8900,'kml',1,8900,'구매확정',to_date('22/03/27','RR/MM/DD'),null,null,null);
Insert into JSP_PJ_JSR.ORDER_TBL (ORDER_NO,P_CODE,P_PRICE,ID,O_QTY,O_TOTAL,O_STATUS,ORDER_DAY,R_QTY,REFUND_DAY,R_TOTAL) values (10,10,8900,'test',1,8900,'주문취소',to_date('22/03/27','RR/MM/DD'),null,null,null);
Insert into JSP_PJ_JSR.ORDER_TBL (ORDER_NO,P_CODE,P_PRICE,ID,O_QTY,O_TOTAL,O_STATUS,ORDER_DAY,R_QTY,REFUND_DAY,R_TOTAL) values (11,9,9900,'test',1,9900,'환불취소',to_date('22/03/27','RR/MM/DD'),null,null,null);
Insert into JSP_PJ_JSR.ORDER_TBL (ORDER_NO,P_CODE,P_PRICE,ID,O_QTY,O_TOTAL,O_STATUS,ORDER_DAY,R_QTY,REFUND_DAY,R_TOTAL) values (12,7,9900,'test',1,9900,'구매확정',to_date('22/03/27','RR/MM/DD'),null,null,null);
Insert into JSP_PJ_JSR.ORDER_TBL (ORDER_NO,P_CODE,P_PRICE,ID,O_QTY,O_TOTAL,O_STATUS,ORDER_DAY,R_QTY,REFUND_DAY,R_TOTAL) values (13,10,8900,'test',1,8900,'환불취소',to_date('22/03/27','RR/MM/DD'),null,null,null);
Insert into JSP_PJ_JSR.ORDER_TBL (ORDER_NO,P_CODE,P_PRICE,ID,O_QTY,O_TOTAL,O_STATUS,ORDER_DAY,R_QTY,REFUND_DAY,R_TOTAL) values (14,8,8900,'test',1,8900,'구매확정',to_date('22/03/27','RR/MM/DD'),null,null,null);
Insert into JSP_PJ_JSR.ORDER_TBL (ORDER_NO,P_CODE,P_PRICE,ID,O_QTY,O_TOTAL,O_STATUS,ORDER_DAY,R_QTY,REFUND_DAY,R_TOTAL) values (15,6,8900,'test',4,35600,'주문취소',to_date('22/03/27','RR/MM/DD'),null,null,null);
Insert into JSP_PJ_JSR.ORDER_TBL (ORDER_NO,P_CODE,P_PRICE,ID,O_QTY,O_TOTAL,O_STATUS,ORDER_DAY,R_QTY,REFUND_DAY,R_TOTAL) values (16,2,49000,'test',1,49000,'구매확정',to_date('22/03/27','RR/MM/DD'),null,null,null);
Insert into JSP_PJ_JSR.ORDER_TBL (ORDER_NO,P_CODE,P_PRICE,ID,O_QTY,O_TOTAL,O_STATUS,ORDER_DAY,R_QTY,REFUND_DAY,R_TOTAL) values (17,7,9900,'test',4,39600,'구매확정',to_date('22/03/27','RR/MM/DD'),null,null,null);
Insert into JSP_PJ_JSR.ORDER_TBL (ORDER_NO,P_CODE,P_PRICE,ID,O_QTY,O_TOTAL,O_STATUS,ORDER_DAY,R_QTY,REFUND_DAY,R_TOTAL) values (18,5,8900,'test',4,35600,'구매확정',to_date('22/03/27','RR/MM/DD'),null,null,null);
Insert into JSP_PJ_JSR.ORDER_TBL (ORDER_NO,P_CODE,P_PRICE,ID,O_QTY,O_TOTAL,O_STATUS,ORDER_DAY,R_QTY,REFUND_DAY,R_TOTAL) values (19,10,8900,'test',1,8900,'환불취소',to_date('22/03/27','RR/MM/DD'),null,null,null);
Insert into JSP_PJ_JSR.ORDER_TBL (ORDER_NO,P_CODE,P_PRICE,ID,O_QTY,O_TOTAL,O_STATUS,ORDER_DAY,R_QTY,REFUND_DAY,R_TOTAL) values (20,9,9900,'test',1,9900,'주문취소',to_date('22/03/27','RR/MM/DD'),null,null,null);
Insert into JSP_PJ_JSR.ORDER_TBL (ORDER_NO,P_CODE,P_PRICE,ID,O_QTY,O_TOTAL,O_STATUS,ORDER_DAY,R_QTY,REFUND_DAY,R_TOTAL) values (21,10,8900,'kml',1,8900,'구매확정',to_date('22/03/27','RR/MM/DD'),null,null,null);
Insert into JSP_PJ_JSR.ORDER_TBL (ORDER_NO,P_CODE,P_PRICE,ID,O_QTY,O_TOTAL,O_STATUS,ORDER_DAY,R_QTY,REFUND_DAY,R_TOTAL) values (22,9,9900,'kml',1,9900,'구매확정',to_date('22/03/27','RR/MM/DD'),null,null,null);
Insert into JSP_PJ_JSR.ORDER_TBL (ORDER_NO,P_CODE,P_PRICE,ID,O_QTY,O_TOTAL,O_STATUS,ORDER_DAY,R_QTY,REFUND_DAY,R_TOTAL) values (23,8,8900,'kml',1,8900,'환불거절',to_date('22/03/27','RR/MM/DD'),null,null,null);
Insert into JSP_PJ_JSR.ORDER_TBL (ORDER_NO,P_CODE,P_PRICE,ID,O_QTY,O_TOTAL,O_STATUS,ORDER_DAY,R_QTY,REFUND_DAY,R_TOTAL) values (24,11,13000,'kml',1,13000,'구매확정',to_date('22/03/27','RR/MM/DD'),null,null,null);
Insert into JSP_PJ_JSR.ORDER_TBL (ORDER_NO,P_CODE,P_PRICE,ID,O_QTY,O_TOTAL,O_STATUS,ORDER_DAY,R_QTY,REFUND_DAY,R_TOTAL) values (25,11,13000,'kml',1,13000,'구매확정',to_date('22/03/27','RR/MM/DD'),null,null,null);
Insert into JSP_PJ_JSR.ORDER_TBL (ORDER_NO,P_CODE,P_PRICE,ID,O_QTY,O_TOTAL,O_STATUS,ORDER_DAY,R_QTY,REFUND_DAY,R_TOTAL) values (26,11,13000,'kml',1,0,'구매거절',to_date('22/03/28','RR/MM/DD'),null,null,null);
REM INSERTING into JSP_PJ_JSR.PRODUCT_TBL
SET DEFINE OFF;
Insert into JSP_PJ_JSR.PRODUCT_TBL (P_CODE,P_BRAND,P_CATEGORY,P_CONTENT,P_PRICE,P_QTY,P_OPTION,INDATE,OUTDATE,STATUS) values (12,'DISBUNNYSTAR','SMART TOK','플라잉쿼카 스마트톡',15000,2285,'선택안함',to_date('22/04/05','RR/MM/DD'),to_date('23/04/05','RR/MM/DD'),'판매중');
Insert into JSP_PJ_JSR.PRODUCT_TBL (P_CODE,P_BRAND,P_CATEGORY,P_CONTENT,P_PRICE,P_QTY,P_OPTION,INDATE,OUTDATE,STATUS) values (10,'DISBUNNYSTAR','ETC.','OOTD 쿼카 키링',13000,2000,'선택안함',to_date('22/04/05','RR/MM/DD'),to_date('23/04/05','RR/MM/DD'),'판매중');
Insert into JSP_PJ_JSR.PRODUCT_TBL (P_CODE,P_BRAND,P_CATEGORY,P_CONTENT,P_PRICE,P_QTY,P_OPTION,INDATE,OUTDATE,STATUS) values (11,'DISBUNNYSTAR','ETC.','토이쿼카 키링',15000,1950,'선택안함',to_date('22/04/05','RR/MM/DD'),to_date('23/04/05','RR/MM/DD'),'판매중');
Insert into JSP_PJ_JSR.PRODUCT_TBL (P_CODE,P_BRAND,P_CATEGORY,P_CONTENT,P_PRICE,P_QTY,P_OPTION,INDATE,OUTDATE,STATUS) values (13,'DISBUNNYSTAR','SMART TOK','쿼카쿼카 스마트톡',15000,2997,'선택안함',to_date('22/04/05','RR/MM/DD'),to_date('23/04/05','RR/MM/DD'),'판매중');
Insert into JSP_PJ_JSR.PRODUCT_TBL (P_CODE,P_BRAND,P_CATEGORY,P_CONTENT,P_PRICE,P_QTY,P_OPTION,INDATE,OUTDATE,STATUS) values (14,'earpearp','SMART TOK','플레잉쿼카 스마트톡',15000,1169,'선택안함',to_date('22/04/05','RR/MM/DD'),to_date('23/04/05','RR/MM/DD'),'판매중');
Insert into JSP_PJ_JSR.PRODUCT_TBL (P_CODE,P_BRAND,P_CATEGORY,P_CONTENT,P_PRICE,P_QTY,P_OPTION,INDATE,OUTDATE,STATUS) values (15,'KITTYBUNNYPONY','ETC.','Quilting Happy Bunny Laptop Pouch',50000,165,'선택안함',to_date('22/04/05','RR/MM/DD'),to_date('23/04/05','RR/MM/DD'),'판매중');
Insert into JSP_PJ_JSR.PRODUCT_TBL (P_CODE,P_BRAND,P_CATEGORY,P_CONTENT,P_PRICE,P_QTY,P_OPTION,INDATE,OUTDATE,STATUS) values (16,'KITTYBUNNYPONY','ETC.','Quilting Happy Kitty Tablet PC Pouch',50000,195,'선택안함',to_date('22/04/05','RR/MM/DD'),to_date('23/04/05','RR/MM/DD'),'판매중');
Insert into JSP_PJ_JSR.PRODUCT_TBL (P_CODE,P_BRAND,P_CATEGORY,P_CONTENT,P_PRICE,P_QTY,P_OPTION,INDATE,OUTDATE,STATUS) values (17,'earpearp','STICKER','BEAR HEART-3COLOR(커팅 스티커)',4000,1990,'선택안함',to_date('22/04/05','RR/MM/DD'),to_date('23/04/05','RR/MM/DD'),'판매중');
Insert into JSP_PJ_JSR.PRODUCT_TBL (P_CODE,P_BRAND,P_CATEGORY,P_CONTENT,P_PRICE,P_QTY,P_OPTION,INDATE,OUTDATE,STATUS) values (18,'earpearp','STICKER','BLUE BIRD BEAR(커팅 스티커)',3000,1950,'선택안함',to_date('22/04/05','RR/MM/DD'),to_date('23/04/05','RR/MM/DD'),'판매중');
Insert into JSP_PJ_JSR.PRODUCT_TBL (P_CODE,P_BRAND,P_CATEGORY,P_CONTENT,P_PRICE,P_QTY,P_OPTION,INDATE,OUTDATE,STATUS) values (19,'earpearp','STICKER','CHECKER BOARD (커팅스티커)',4000,2980,'선택안함',to_date('22/04/05','RR/MM/DD'),to_date('23/04/05','RR/MM/DD'),'판매중');
Insert into JSP_PJ_JSR.PRODUCT_TBL (P_CODE,P_BRAND,P_CATEGORY,P_CONTENT,P_PRICE,P_QTY,P_OPTION,INDATE,OUTDATE,STATUS) values (20,'earpearp','STICKER','D PIECE STICKER (스티커)',4000,2000,'선택안함',to_date('22/04/05','RR/MM/DD'),to_date('23/04/05','RR/MM/DD'),'판매중');
Insert into JSP_PJ_JSR.PRODUCT_TBL (P_CODE,P_BRAND,P_CATEGORY,P_CONTENT,P_PRICE,P_QTY,P_OPTION,INDATE,OUTDATE,STATUS) values (21,'earpearp','STICKER','NINI FRIENDS(커팅 스티커)',3000,2940,'선택안함',to_date('22/04/05','RR/MM/DD'),to_date('23/04/05','RR/MM/DD'),'판매중');
Insert into JSP_PJ_JSR.PRODUCT_TBL (P_CODE,P_BRAND,P_CATEGORY,P_CONTENT,P_PRICE,P_QTY,P_OPTION,INDATE,OUTDATE,STATUS) values (2,'earpearp','ETC.','어프어프 LITTLE FIRE COVY-NAVY(13인치 북파우치)',33900,2000,'선택안함',to_date('22/04/03','RR/MM/DD'),to_date('23/04/03','RR/MM/DD'),'판매중');
Insert into JSP_PJ_JSR.PRODUCT_TBL (P_CODE,P_BRAND,P_CATEGORY,P_CONTENT,P_PRICE,P_QTY,P_OPTION,INDATE,OUTDATE,STATUS) values (1,'earpearp','ETC.','어프어프 STEEL COVY-BLACK(11인치 북파우치)',30900,3000,'선택안함',to_date('22/04/03','RR/MM/DD'),to_date('23/04/03','RR/MM/DD'),'판매중');
Insert into JSP_PJ_JSR.PRODUCT_TBL (P_CODE,P_BRAND,P_CATEGORY,P_CONTENT,P_PRICE,P_QTY,P_OPTION,INDATE,OUTDATE,STATUS) values (3,'earpearp','ETC.','어프어프 COVY HEART-NAVY(11인치 양털파우치)',30900,1000,'선택안함',to_date('22/04/03','RR/MM/DD'),to_date('23/04/03','RR/MM/DD'),'판매중');
Insert into JSP_PJ_JSR.PRODUCT_TBL (P_CODE,P_BRAND,P_CATEGORY,P_CONTENT,P_PRICE,P_QTY,P_OPTION,INDATE,OUTDATE,STATUS) values (4,'earpearp','ETC.','어프어프 AWESOME CAT-BLACK(아이패드 파우치)',24900,2496,'선택안함',to_date('22/04/03','RR/MM/DD'),to_date('23/04/03','RR/MM/DD'),'판매중');
Insert into JSP_PJ_JSR.PRODUCT_TBL (P_CODE,P_BRAND,P_CATEGORY,P_CONTENT,P_PRICE,P_QTY,P_OPTION,INDATE,OUTDATE,STATUS) values (5,'DISBUNNYSTAR','PHONE ACC.','어프어프 CHICHI ROOM OBJECT-PURPLE(컬러젤리)',13900,1999,'선택안함',to_date('22/04/03','RR/MM/DD'),to_date('23/04/03','RR/MM/DD'),'판매중');
Insert into JSP_PJ_JSR.PRODUCT_TBL (P_CODE,P_BRAND,P_CATEGORY,P_CONTENT,P_PRICE,P_QTY,P_OPTION,INDATE,OUTDATE,STATUS) values (6,'earpearp','PHONE ACC.','어프어프 COVY BUBBLE WORLD-NAVY(컬러젤리)',14900,2300,'선택안함',to_date('22/04/03','RR/MM/DD'),to_date('23/04/03','RR/MM/DD'),'판매중');
Insert into JSP_PJ_JSR.PRODUCT_TBL (P_CODE,P_BRAND,P_CATEGORY,P_CONTENT,P_PRICE,P_QTY,P_OPTION,INDATE,OUTDATE,STATUS) values (7,'earpearp','PHONE ACC.','어프어프 JELLY COVY PATTERN(카드수납-젤리)',15900,1994,'선택안함',to_date('22/04/03','RR/MM/DD'),to_date('23/04/03','RR/MM/DD'),'판매중');
Insert into JSP_PJ_JSR.PRODUCT_TBL (P_CODE,P_BRAND,P_CATEGORY,P_CONTENT,P_PRICE,P_QTY,P_OPTION,INDATE,OUTDATE,STATUS) values (8,'earpearp','PHONE ACC.','어프어프 LITTLE COVY PACK-BLACK(컬러젤리)',14900,2100,'선택안함',to_date('22/04/03','RR/MM/DD'),to_date('23/04/03','RR/MM/DD'),'판매중');
Insert into JSP_PJ_JSR.PRODUCT_TBL (P_CODE,P_BRAND,P_CATEGORY,P_CONTENT,P_PRICE,P_QTY,P_OPTION,INDATE,OUTDATE,STATUS) values (9,'earpearp','PHONE ACC.','어프어프 YOUNG AND RICH CUNI-BLACK(컬러젤리)',14900,2295,'선택안함',to_date('22/04/03','RR/MM/DD'),to_date('23/04/03','RR/MM/DD'),'판매중');
--------------------------------------------------------
--  DDL for Index ADMIN_NO_PK
--------------------------------------------------------

  CREATE UNIQUE INDEX "JSP_PJ_JSR"."ADMIN_NO_PK" ON "JSP_PJ_JSR"."ADMIN_TBL" ("ADMIN_NO") 
  PCTFREE 10 INITRANS 2 MAXTRANS 255 COMPUTE STATISTICS 
  STORAGE(INITIAL 65536 NEXT 1048576 MINEXTENTS 1 MAXEXTENTS 2147483645
  PCTINCREASE 0 FREELISTS 1 FREELIST GROUPS 1 BUFFER_POOL DEFAULT FLASH_CACHE DEFAULT CELL_FLASH_CACHE DEFAULT)
  TABLESPACE "USERS" ;
--------------------------------------------------------
--  DDL for Index SYS_C008030
--------------------------------------------------------

  CREATE UNIQUE INDEX "JSP_PJ_JSR"."SYS_C008030" ON "JSP_PJ_JSR"."ADMIN_TBL" ("ADMIN_ID") 
  PCTFREE 10 INITRANS 2 MAXTRANS 255 COMPUTE STATISTICS 
  STORAGE(INITIAL 65536 NEXT 1048576 MINEXTENTS 1 MAXEXTENTS 2147483645
  PCTINCREASE 0 FREELISTS 1 FREELIST GROUPS 1 BUFFER_POOL DEFAULT FLASH_CACHE DEFAULT CELL_FLASH_CACHE DEFAULT)
  TABLESPACE "USERS" ;
--------------------------------------------------------
--  DDL for Index SYS_C008031
--------------------------------------------------------

  CREATE UNIQUE INDEX "JSP_PJ_JSR"."SYS_C008031" ON "JSP_PJ_JSR"."ADMIN_TBL" ("ADMIN_NICK") 
  PCTFREE 10 INITRANS 2 MAXTRANS 255 COMPUTE STATISTICS 
  STORAGE(INITIAL 65536 NEXT 1048576 MINEXTENTS 1 MAXEXTENTS 2147483645
  PCTINCREASE 0 FREELISTS 1 FREELIST GROUPS 1 BUFFER_POOL DEFAULT FLASH_CACHE DEFAULT CELL_FLASH_CACHE DEFAULT)
  TABLESPACE "USERS" ;
--------------------------------------------------------
--  DDL for Index CART_NO_PK
--------------------------------------------------------

  CREATE UNIQUE INDEX "JSP_PJ_JSR"."CART_NO_PK" ON "JSP_PJ_JSR"."CART_TBL" ("CART_NO") 
  PCTFREE 10 INITRANS 2 MAXTRANS 255 COMPUTE STATISTICS 
  STORAGE(INITIAL 65536 NEXT 1048576 MINEXTENTS 1 MAXEXTENTS 2147483645
  PCTINCREASE 0 FREELISTS 1 FREELIST GROUPS 1 BUFFER_POOL DEFAULT FLASH_CACHE DEFAULT CELL_FLASH_CACHE DEFAULT)
  TABLESPACE "USERS" ;
--------------------------------------------------------
--  DDL for Index SYS_C008351
--------------------------------------------------------

  CREATE UNIQUE INDEX "JSP_PJ_JSR"."SYS_C008351" ON "JSP_PJ_JSR"."CUSTOMER_TBL" ("ID") 
  PCTFREE 10 INITRANS 2 MAXTRANS 255 COMPUTE STATISTICS 
  STORAGE(INITIAL 65536 NEXT 1048576 MINEXTENTS 1 MAXEXTENTS 2147483645
  PCTINCREASE 0 FREELISTS 1 FREELIST GROUPS 1 BUFFER_POOL DEFAULT FLASH_CACHE DEFAULT CELL_FLASH_CACHE DEFAULT)
  TABLESPACE "USERS" ;
--------------------------------------------------------
--  DDL for Index SYS_C008352
--------------------------------------------------------

  CREATE UNIQUE INDEX "JSP_PJ_JSR"."SYS_C008352" ON "JSP_PJ_JSR"."CUSTOMER_TBL" ("NICKNAME") 
  PCTFREE 10 INITRANS 2 MAXTRANS 255 COMPUTE STATISTICS 
  STORAGE(INITIAL 65536 NEXT 1048576 MINEXTENTS 1 MAXEXTENTS 2147483645
  PCTINCREASE 0 FREELISTS 1 FREELIST GROUPS 1 BUFFER_POOL DEFAULT FLASH_CACHE DEFAULT CELL_FLASH_CACHE DEFAULT)
  TABLESPACE "USERS" ;
--------------------------------------------------------
--  DDL for Index SYS_C008012
--------------------------------------------------------

  CREATE UNIQUE INDEX "JSP_PJ_JSR"."SYS_C008012" ON "JSP_PJ_JSR"."NOTICE_TBL" ("NOTICE_NO") 
  PCTFREE 10 INITRANS 2 MAXTRANS 255 COMPUTE STATISTICS 
  STORAGE(INITIAL 65536 NEXT 1048576 MINEXTENTS 1 MAXEXTENTS 2147483645
  PCTINCREASE 0 FREELISTS 1 FREELIST GROUPS 1 BUFFER_POOL DEFAULT FLASH_CACHE DEFAULT CELL_FLASH_CACHE DEFAULT)
  TABLESPACE "USERS" ;
--------------------------------------------------------
--  DDL for Index ORDER_NO_PK
--------------------------------------------------------

  CREATE UNIQUE INDEX "JSP_PJ_JSR"."ORDER_NO_PK" ON "JSP_PJ_JSR"."ORDER_TBL" ("ORDER_NO") 
  PCTFREE 10 INITRANS 2 MAXTRANS 255 COMPUTE STATISTICS 
  STORAGE(INITIAL 65536 NEXT 1048576 MINEXTENTS 1 MAXEXTENTS 2147483645
  PCTINCREASE 0 FREELISTS 1 FREELIST GROUPS 1 BUFFER_POOL DEFAULT FLASH_CACHE DEFAULT CELL_FLASH_CACHE DEFAULT)
  TABLESPACE "USERS" ;
--------------------------------------------------------
--  DDL for Index SYS_C008216
--------------------------------------------------------

  CREATE UNIQUE INDEX "JSP_PJ_JSR"."SYS_C008216" ON "JSP_PJ_JSR"."PRODUCT_TBL" ("P_CODE") 
  PCTFREE 10 INITRANS 2 MAXTRANS 255 COMPUTE STATISTICS 
  STORAGE(INITIAL 65536 NEXT 1048576 MINEXTENTS 1 MAXEXTENTS 2147483645
  PCTINCREASE 0 FREELISTS 1 FREELIST GROUPS 1 BUFFER_POOL DEFAULT FLASH_CACHE DEFAULT CELL_FLASH_CACHE DEFAULT)
  TABLESPACE "USERS" ;
--------------------------------------------------------
--  Constraints for Table ADMIN_TBL
--------------------------------------------------------

  ALTER TABLE "JSP_PJ_JSR"."ADMIN_TBL" ADD UNIQUE ("ADMIN_NICK")
  USING INDEX PCTFREE 10 INITRANS 2 MAXTRANS 255 COMPUTE STATISTICS 
  STORAGE(INITIAL 65536 NEXT 1048576 MINEXTENTS 1 MAXEXTENTS 2147483645
  PCTINCREASE 0 FREELISTS 1 FREELIST GROUPS 1 BUFFER_POOL DEFAULT FLASH_CACHE DEFAULT CELL_FLASH_CACHE DEFAULT)
  TABLESPACE "USERS"  ENABLE;
  ALTER TABLE "JSP_PJ_JSR"."ADMIN_TBL" ADD UNIQUE ("ADMIN_ID")
  USING INDEX PCTFREE 10 INITRANS 2 MAXTRANS 255 COMPUTE STATISTICS 
  STORAGE(INITIAL 65536 NEXT 1048576 MINEXTENTS 1 MAXEXTENTS 2147483645
  PCTINCREASE 0 FREELISTS 1 FREELIST GROUPS 1 BUFFER_POOL DEFAULT FLASH_CACHE DEFAULT CELL_FLASH_CACHE DEFAULT)
  TABLESPACE "USERS"  ENABLE;
  ALTER TABLE "JSP_PJ_JSR"."ADMIN_TBL" ADD CONSTRAINT "ADMIN_NO_PK" PRIMARY KEY ("ADMIN_NO")
  USING INDEX PCTFREE 10 INITRANS 2 MAXTRANS 255 COMPUTE STATISTICS 
  STORAGE(INITIAL 65536 NEXT 1048576 MINEXTENTS 1 MAXEXTENTS 2147483645
  PCTINCREASE 0 FREELISTS 1 FREELIST GROUPS 1 BUFFER_POOL DEFAULT FLASH_CACHE DEFAULT CELL_FLASH_CACHE DEFAULT)
  TABLESPACE "USERS"  ENABLE;
  ALTER TABLE "JSP_PJ_JSR"."ADMIN_TBL" MODIFY ("ADMIN_NICK" CONSTRAINT "ADMIN_NICK_UNN" NOT NULL ENABLE);
  ALTER TABLE "JSP_PJ_JSR"."ADMIN_TBL" MODIFY ("ADMIN_ID" CONSTRAINT "ADMIN_ID_UNN" NOT NULL ENABLE);
--------------------------------------------------------
--  Constraints for Table CART_TBL
--------------------------------------------------------

  ALTER TABLE "JSP_PJ_JSR"."CART_TBL" ADD CONSTRAINT "CART_NO_PK" PRIMARY KEY ("CART_NO")
  USING INDEX PCTFREE 10 INITRANS 2 MAXTRANS 255 COMPUTE STATISTICS 
  STORAGE(INITIAL 65536 NEXT 1048576 MINEXTENTS 1 MAXEXTENTS 2147483645
  PCTINCREASE 0 FREELISTS 1 FREELIST GROUPS 1 BUFFER_POOL DEFAULT FLASH_CACHE DEFAULT CELL_FLASH_CACHE DEFAULT)
  TABLESPACE "USERS"  ENABLE;
  ALTER TABLE "JSP_PJ_JSR"."CART_TBL" MODIFY ("C_QTY" NOT NULL ENABLE);
  ALTER TABLE "JSP_PJ_JSR"."CART_TBL" MODIFY ("ID" NOT NULL ENABLE);
  ALTER TABLE "JSP_PJ_JSR"."CART_TBL" MODIFY ("P_CODE" NOT NULL ENABLE);
--------------------------------------------------------
--  Constraints for Table CUSTOMER_TBL
--------------------------------------------------------

  ALTER TABLE "JSP_PJ_JSR"."CUSTOMER_TBL" ADD UNIQUE ("NICKNAME")
  USING INDEX PCTFREE 10 INITRANS 2 MAXTRANS 255 COMPUTE STATISTICS 
  STORAGE(INITIAL 65536 NEXT 1048576 MINEXTENTS 1 MAXEXTENTS 2147483645
  PCTINCREASE 0 FREELISTS 1 FREELIST GROUPS 1 BUFFER_POOL DEFAULT FLASH_CACHE DEFAULT CELL_FLASH_CACHE DEFAULT)
  TABLESPACE "USERS"  ENABLE;
  ALTER TABLE "JSP_PJ_JSR"."CUSTOMER_TBL" ADD PRIMARY KEY ("ID")
  USING INDEX PCTFREE 10 INITRANS 2 MAXTRANS 255 COMPUTE STATISTICS 
  STORAGE(INITIAL 65536 NEXT 1048576 MINEXTENTS 1 MAXEXTENTS 2147483645
  PCTINCREASE 0 FREELISTS 1 FREELIST GROUPS 1 BUFFER_POOL DEFAULT FLASH_CACHE DEFAULT CELL_FLASH_CACHE DEFAULT)
  TABLESPACE "USERS"  ENABLE;
  ALTER TABLE "JSP_PJ_JSR"."CUSTOMER_TBL" MODIFY ("EMAIL" NOT NULL ENABLE);
  ALTER TABLE "JSP_PJ_JSR"."CUSTOMER_TBL" MODIFY ("HP" NOT NULL ENABLE);
  ALTER TABLE "JSP_PJ_JSR"."CUSTOMER_TBL" MODIFY ("ADDRESS" NOT NULL ENABLE);
  ALTER TABLE "JSP_PJ_JSR"."CUSTOMER_TBL" MODIFY ("BIRTHDAY" NOT NULL ENABLE);
  ALTER TABLE "JSP_PJ_JSR"."CUSTOMER_TBL" MODIFY ("NICKNAME" NOT NULL ENABLE);
  ALTER TABLE "JSP_PJ_JSR"."CUSTOMER_TBL" MODIFY ("NAME" NOT NULL ENABLE);
  ALTER TABLE "JSP_PJ_JSR"."CUSTOMER_TBL" MODIFY ("PASSWORD" NOT NULL ENABLE);
--------------------------------------------------------
--  Constraints for Table NOTICE_TBL
--------------------------------------------------------

  ALTER TABLE "JSP_PJ_JSR"."NOTICE_TBL" ADD PRIMARY KEY ("NOTICE_NO")
  USING INDEX PCTFREE 10 INITRANS 2 MAXTRANS 255 COMPUTE STATISTICS 
  STORAGE(INITIAL 65536 NEXT 1048576 MINEXTENTS 1 MAXEXTENTS 2147483645
  PCTINCREASE 0 FREELISTS 1 FREELIST GROUPS 1 BUFFER_POOL DEFAULT FLASH_CACHE DEFAULT CELL_FLASH_CACHE DEFAULT)
  TABLESPACE "USERS"  ENABLE;
  ALTER TABLE "JSP_PJ_JSR"."NOTICE_TBL" MODIFY ("WRITER" NOT NULL ENABLE);
  ALTER TABLE "JSP_PJ_JSR"."NOTICE_TBL" MODIFY ("TITLE" NOT NULL ENABLE);
--------------------------------------------------------
--  Constraints for Table ORDER_TBL
--------------------------------------------------------

  ALTER TABLE "JSP_PJ_JSR"."ORDER_TBL" ADD CONSTRAINT "ORDER_NO_PK" PRIMARY KEY ("ORDER_NO")
  USING INDEX PCTFREE 10 INITRANS 2 MAXTRANS 255 COMPUTE STATISTICS 
  STORAGE(INITIAL 65536 NEXT 1048576 MINEXTENTS 1 MAXEXTENTS 2147483645
  PCTINCREASE 0 FREELISTS 1 FREELIST GROUPS 1 BUFFER_POOL DEFAULT FLASH_CACHE DEFAULT CELL_FLASH_CACHE DEFAULT)
  TABLESPACE "USERS"  ENABLE;
  ALTER TABLE "JSP_PJ_JSR"."ORDER_TBL" MODIFY ("O_TOTAL" NOT NULL ENABLE);
  ALTER TABLE "JSP_PJ_JSR"."ORDER_TBL" MODIFY ("O_QTY" NOT NULL ENABLE);
  ALTER TABLE "JSP_PJ_JSR"."ORDER_TBL" MODIFY ("ID" NOT NULL ENABLE);
  ALTER TABLE "JSP_PJ_JSR"."ORDER_TBL" MODIFY ("P_PRICE" NOT NULL ENABLE);
  ALTER TABLE "JSP_PJ_JSR"."ORDER_TBL" MODIFY ("P_CODE" NOT NULL ENABLE);
--------------------------------------------------------
--  Constraints for Table PRODUCT_TBL
--------------------------------------------------------

  ALTER TABLE "JSP_PJ_JSR"."PRODUCT_TBL" ADD PRIMARY KEY ("P_CODE")
  USING INDEX PCTFREE 10 INITRANS 2 MAXTRANS 255 COMPUTE STATISTICS 
  STORAGE(INITIAL 65536 NEXT 1048576 MINEXTENTS 1 MAXEXTENTS 2147483645
  PCTINCREASE 0 FREELISTS 1 FREELIST GROUPS 1 BUFFER_POOL DEFAULT FLASH_CACHE DEFAULT CELL_FLASH_CACHE DEFAULT)
  TABLESPACE "USERS"  ENABLE;
  ALTER TABLE "JSP_PJ_JSR"."PRODUCT_TBL" MODIFY ("P_QTY" NOT NULL ENABLE);
  ALTER TABLE "JSP_PJ_JSR"."PRODUCT_TBL" MODIFY ("P_PRICE" NOT NULL ENABLE);
  ALTER TABLE "JSP_PJ_JSR"."PRODUCT_TBL" MODIFY ("P_NAME" NOT NULL ENABLE);
  ALTER TABLE "JSP_PJ_JSR"."PRODUCT_TBL" MODIFY ("P_CATEGORY" NOT NULL ENABLE);
  ALTER TABLE "JSP_PJ_JSR"."PRODUCT_TBL" MODIFY ("P_BRAND" NOT NULL ENABLE);
