<?xml version="1.0" encoding="UTF-8"?>
<beans:beans xmlns="http://www.springframework.org/schema/mvc"
	xmlns:xsi="http://www.w3.org/2001/XMLSchema-instance"
	xmlns:beans="http://www.springframework.org/schema/beans"
	xmlns:context="http://www.springframework.org/schema/context"
	xmlns:security="http://www.springframework.org/schema/security"
	xsi:schemaLocation="http://www.springframework.org/schema/security http://www.springframework.org/schema/security/spring-security-4.2.xsd
		http://www.springframework.org/schema/mvc https://www.springframework.org/schema/mvc/spring-mvc.xsd
		http://www.springframework.org/schema/beans https://www.springframework.org/schema/beans/spring-beans.xsd
		http://www.springframework.org/schema/context https://www.springframework.org/schema/context/spring-context.xsd">

	<!-- DispatcherServlet Context: defines this servlet's request-processing infrastructure -->
	
	<!-- Enables the Spring MVC @Controller programming model -->
	<annotation-driven />

	<!-- Handles HTTP GET requests for /resources/** by efficiently serving up static resources in the ${webappRoot}/resources directory -->
	<resources mapping="/resources/**" location="/resources/" />
	
	<!-- 시큐리티 추가 8-1. 정적리소스 파일 : 시큐리티 적용 안 할 폴더 지정 -->
	<resources mapping="/common/**" location="/WEB-INF/views/common/" />
	<resources mapping="/customer/goods/**" location="/WEB-INF/views/customer/goods/" />
	<resources mapping="/customer/notice/**" location="/WEB-INF/views/customer/notice/" />
	<!-- <resources mapping="/customer/join/**" location="/WEB-INF/views/customer/join/" /> -->
	<!-- <resources mapping="/customer/login/**" location="/WEB-INF/views/customer/login/" /> -->

	<!-- Resolves views selected for rendering by @Controllers to .jsp resources in the /WEB-INF/views directory -->
	<beans:bean class="org.springframework.web.servlet.view.InternalResourceViewResolver">
		<beans:property name="prefix" value="/WEB-INF/views/" />
		<beans:property name="suffix" value=".jsp" />
	</beans:bean>
	
	<context:component-scan base-package="com.spring.pj_jsr" />
	
	<!-- 시큐리티 추가 8-2. @Secured 어노테이션 활성화, 사용권한 제한 -->
	<!-- Namespace 탭에서 security 추가  -> security 클릭 -> 오른쪽에 네임스페이스 중 버전 4.2 선택 : 오른쪽에 안 뜨는 이유는 pom.xml에 시큐리티 설정 안 된 경우-->
	<security:global-method-security secured-annotations="enabled" />
	
	 <!-- MultipartResolver 설정 : 파일업로드(상품 추가, 상품 수정) -->
   <beans:bean id="multipartResolver" class="org.springframework.web.multipart.commons.CommonsMultipartResolver">
      <beans:property name="maxUploadSize" value="100000000" />
      <beans:property name="maxInMemorySize" value="100000000" />
   </beans:bean>
	
	<!-- mail bean -->
    <beans:bean id="javaMailSender" class="org.springframework.mail.javamail.JavaMailSenderImpl">
        <beans:property name="host" value="smtp.gmail.com" />
        <beans:property name="port" value="587" />
         <beans:property name="username" value="kosmo105jsr@gmail.com" />
        <beans:property name="password" value="kosmo1234!" />
        <beans:property name="javaMailProperties">
            <beans:props>
                <beans:prop key="mail.smtp.ssl.trust">smtp.gmail.com</beans:prop>
                <beans:prop key="mail.smtp.starttls.enable">true</beans:prop>
                <beans:prop key="mail.smtp.auth">true</beans:prop>
            </beans:props>
        </beans:property>
    </beans:bean>
	
</beans:beans>
