<?xml version="1.0" encoding="UTF-8"?>

<!DOCTYPE mapper
	PUBLIC "-//mybatis.org//DTD Mapper 3.0//EN"
	"http://mybatis.org/dtd/mybatis-3-mapper.dtd">
	
<mapper namespace="com.spring.pj_jsr.dao.CustomerDAO">

	<!-- 1-1. 중복확인 처리 / 시큐리티 - UserLoginFailureHandler -->
	<select id="idCheck" parameterType="String" resultType="Integer">
		SELECT COUNT(*) FROM customer_tbl WHERE id=#{strId}
	</select>
	
	<!-- 1-2. 비밀번호 확인 / 시큐리티 - UserLoginFailureHandler -->
	<select id="pwdCheck" parameterType="String" resultType="com.spring.pj_jsr.dto.CustomerDTO">
		SELECT password FROM customer_tbl WHERE id IN #{strId}
	</select>
	
	<!-- 1-3. 권한체크 / 시큐리티 - UserLoginSuccessHandler -->
	<select id="customerAuthorityCheck" parameterType="String" resultType="String">
		SELECT authority FROM customer_tbl WHERE id=#{id}
	</select>
	
	<select id="adminAuthorityCheck" parameterType="String" resultType="String">
		SELECT authority FROM admin_tbl WHERE admin_id=#{id}
	</select> 
	
	<!-- 1-4. 이메일인증시 호출 / 시큐리티 - UserAuthenticationService -->
  	<select id="selectCustomer" parameterType="String" resultType="com.spring.pj_jsr.dto.CustomerDTO">
  		SELECT * FROM customer_tbl WHERE id IN #{strId}
  	</select>

	<!-- 시큐리티 : 이메일인증 -->
  	<select id="selectKey" parameterType="String" resultType="Integer">
  		SELECT COUNT(*) FROM customer_tbl WHERE key=#{key}
  	</select>

	<!-- 시큐리티 : 로그인 전 이메일 인증을 해야하며, 1로수정-->
  	<update id="updateGrade" parameterType="String">
  		UPDATE customer_tbl
  		   SET enabled = 1
  		 WHERE key IN #{key}
  	</update>

	<!-- 2. 회원가입 처리 : key 컬럼 추가 -->
	<insert id="insertCustomer" parameterType="com.spring.pj_jsr.dto.CustomerDTO">
		INSERT INTO customer_tbl(id, password, name, birthday, address, hp, email, nickname, key)
		VALUES(#{id}, #{password}, #{name}, #{birthday}, #{address}, #{hp}, #{email}, #{nickname}, #{key})
	</insert>

	<!-- 3. 로그인 처리 / 회원정보 인증 -->
	<select id="idPasswordChk" parameterType="java.util.Map" resultType="Integer">
		SELECT COUNT(*)
		  FROM customer_tbl
		 WHERE id=#{strId}
		   AND password=#{strPw}
	</select>

	<!-- 4. 회원정보 인증 및 탈퇴처리 -->
	<update id="deleteCustomer" parameterType="String">
		UPDATE customer_tbl
		   SET show='n'
		 WHERE id=#{strId}
	</update>

	<!-- 5. 회원정보 인증 및 상세페이지 -->
	<select id="getCustomerDetail" parameterType="String" resultType="com.spring.pj_jsr.dto.CustomerDTO">
		SELECT * FROM customer_tbl WHERE id=#{strId}
	</select>

	<!-- 6. 회원정보 수정 처리 -->
	<update id="updateCustomer" parameterType="com.spring.pj_jsr.dto.CustomerDTO">
		UPDATE customer_tbl
		   SET password=#{password},
			   name=#{name},
			   birthday=#{birthday},
		       address=#{address},
		       hp=#{hp},
		       email=#{email}
		 WHERE id=#{id}
	</update>

	<!-- 7-1. 관리자 닉네임 가져오기 -->
	<select id="adminNick" parameterType="String" resultType="String">
		SELECT admin_nick FROM admin_tbl WHERE admin_id=#{id}
	</select>
	
	<!-- 7-1. 관리자 정보 가져오기 -->
	<select id="adminInfo" parameterType="String" resultType="com.spring.pj_jsr.dto.AdminDTO">
		SELECT * FROM admin_tbl WHERE admin_id=#{id}
	</select>
	
	<!-- 7-2. 고객 닉네임 가져오기 -->
	<select id="customerNick" parameterType="String" resultType="String">
		SELECT nickname FROM customer_tbl WHERE id=#{strId}
	</select>

	<!-- 8. 등급 가져오기 -->
	<select id="getGrade" parameterType="String" resultType="String">
		SELECT grade FROM customer_tbl WHERE id=#{id}
	</select>

	<!-- 9. 관리자 아이디, 비밀번호 확인 -->
	<select id="adminCheck" parameterType="java.util.Map" resultType="Integer">
		SELECT COUNT(*)
		  FROM admin_tbl
		 WHERE admin_id=#{strId}
		   AND admin_pw=#{strPw}
	</select>

	<!-- 11. 회원정보 전체 조회 -->
	<select id="selectCustomerList" parameterType="java.util.Map" resultType="com.spring.pj_jsr.dto.CustomerDTO">
	<![CDATA[
		SELECT *
		  FROM ( SELECT A.*, ROWNUM AS rn
				   FROM ( SELECT *
				            FROM customer_tbl
				           ORDER BY indate DESC
	                    ) A
			   )
		 WHERE rn BETWEEN #{start} AND #{end}
	]]>
	</select>

	<!-- 12. 전체 회원 수 -->
	<select id="selectCustomerTotal" parameterType="Integer" resultType="Integer">
		SELECT COUNT(*) FROM customer_tbl
	</select>
	
</mapper>