<?xml version="1.0" encoding="UTF-8"?>

<!DOCTYPE mapper
	PUBLIC "-//mybatis.org//DTD Mapper 3.0//EN"
	"http://mybatis.org/dtd/mybatis-3-mapper.dtd">
	
	<mapper namespace="com.spring.pj_jsr.dao.NoticeDAO"> <!-- namespace="패키지명.인터페이스" -->
	
	<!-- 
		1. <mapper namespace="패키지명.인터페이스명">
		2. <id="인터페이스의 메서드명">는 유일해야 하며, 인터페이스의 메서드명을 사용한다.
		   따라서 인터페이스 메서드 갯수만큼 Mapper도 작성해야 한다.
		3. select 문장은 반드시 resultType을 기술해야 한다.
		   주의사항 : select 문장의 resultType이 int형이면 "SELECT * " ==> "SELECT COUNT(*) "로 바꾼다.
		4. insert, update, delete 구문은 <insert><update><delete> 엘리먼트를 사용하며, parameterType이 필수이다.
		   resultType은 int형이며, 마이바티스가 알아서 성공, 실패 여부의 결과값을 넘긴다.
		   따라서 resultType 은 따로 사용하지 않는다.
		5. parameterType, resultType이 클래스타입인 경우 패키지명.클래스명을 기술한다.
		6. 문장의 끝에 ';'을 붙이지 않는다.
		7.  주의사항 : 파라미터 일반변수명은 #{변수명}으로 기술하며, 메서드의 매개변수명과 반드시 일치해야 한다. 예) id=#{strId}
		8. 파라미터 값이 2개이상일 때는 parameterType을 java.util.Map 또는 VO로 받는다.
		   주의사항 : Map에 추가(put)된 키명와 #{변수명}은 반드시 일치해야 한다.
		9. preparedStatement의 '?' 대신에 pstmt에서 set한 변수명이 온다. ==> #{변수명}
	-->
	
	<!-- 1. 게시글 개수 -->
	<select id="noticeCnt" parameterType="Integer" resultType="Integer">
		SELECT COUNT(*) FROM notice_tbl
	</select>

	<!-- 2. 조회수 증가 -->
	<update id="plusReadCnt" parameterType="Integer">
		UPDATE notice_tbl SET readCnt=readCnt+1 WHERE notice_no=#{notice_no}
	</update>

	<!-- 3. 공지사항 목록 - 관리자 -->
	<select id="notice_list_admin" parameterType="java.util.Map" resultType="com.spring.pj_jsr.dto.NoticeDTO">
	<![CDATA[
		SELECT *
		  FROM ( SELECT A.*, ROWNUM AS rn
				   FROM ( SELECT *
							FROM notice_tbl
						   ORDER BY notice_no DESC ) A
				)
		  WHERE rn BETWEEN #{start} AND #{end}
	]]>
	</select>

	<!-- 4. 공지사항 목록 - 고객 -->
	<select id="notice_list" parameterType="java.util.Map" resultType="com.spring.pj_jsr.dto.NoticeDTO">
	<![CDATA[
		SELECT *
		  FROM ( SELECT A.*, ROWNUM AS rn
				   FROM ( SELECT *
							FROM notice_tbl
						   WHERE show='y'
						   ORDER BY notice_no DESC ) A
				)
		 WHERE rn BETWEEN #{start} AND #{end}
	]]>
	</select>

	<!-- 5. 게시글 상세 -->
	<select id="notice_read" parameterType="Integer" resultType="com.spring.pj_jsr.dto.NoticeDTO">
		SELECT * FROM notice_tbl WHERE notice_no=#{notice_no}
	</select>

	<!-- 6. 공지사항 INSERT -->
	<insert id="notice_insert" parameterType="com.spring.pj_jsr.dto.NoticeDTO">
		INSERT INTO notice_tbl(notice_no, title, content, writer)
		VALUES(notice_no_seq.NEXTVAL, #{title}, #{content}, #{writer})
	</insert>

	<!-- 7. 공지사항 UPDATE -->
	<update id="notice_update" parameterType="com.spring.pj_jsr.dto.NoticeDTO">
		UPDATE notice_tbl SET title=#{title}, content=#{content} WHERE notice_no=#{notice_no}
	</update>

	<!-- 8. 공지사항 DELETE -->
	<update id="notice_delete" parameterType="Integer">
		UPDATE notice_tbl SET SHOW='n' WHERE notice_no=#{notice_no}
	</update>
	
</mapper>