<?xml version="1.0" encoding="UTF-8"?>

<!DOCTYPE mapper
	PUBLIC "-//mybatis.org//DTD Mapper 3.0//EN"
	"http://mybatis.org/dtd/mybatis-3-mapper.dtd">
	
<mapper namespace="com.spring.pj_jsr.dao.OrderDAO">
	
	<!-- [ 장바구니 ] -->
	<!-- 1. 장바구니 목록 불러오기 -->
  	<select id="cart_read" parameterType="String" resultType="com.spring.pj_jsr.dto.CartDTO">
		SELECT c_num, id, p_code, p_name, p_brand, p_category, p_img, p_price, nickname, c_qty, c_total
		  FROM v_cart
		 WHERE id = #{strId}
	</select>

	<!-- 2. 장바구니 담기 -->
 	<insert id="cart_add" parameterType="java.util.Map">
		INSERT INTO cart_tbl
		VALUES ((SELECT NVL(MAX(cart_no) + 1, 1) FROM cart_tbl), #{p_code}, #{strId}, #{c_qty})
	</insert>

	<!-- 3. 장바구니 개별 삭제 -->
	<delete id="deleteCartItem" parameterType="Integer">
		DELETE FROM cart_tbl
		WHERE cart_no=#{c_num}
	</delete>

	<!-- 4. 장바구니 비우기 -->
 	<delete id="deleteCartAll" parameterType="Integer">
		DELETE FROM cart_tbl
	</delete>

	<!-- 5. 장바구니에서 선택한 목록 -->
	<!-- List<CartDTO> selectPayList(String[] c_num_arr); -->
	<select id="selectPayList" parameterType="Integer" resultType="com.spring.pj_jsr.dto.CartDTO">
		SELECT *
		FROM v_cart
		WHERE c_num = #{c_num}
	</select>

	<!-- 6. 장바구니 수량변경 -->
 	<update id="updateCartItemAmount" parameterType="java.util.Map">
		UPDATE cart_tbl SET c_qty=#{c_qty} WHERE cart_no=#{c_num}
	</update>
	
	<!-- [ 주문 ] -->
	<!-- 7. 전체 주문목록 조회 - 관리자 -->
 	<select id="OrderList" parameterType="java.util.Map" resultType="com.spring.pj_jsr.dto.OrderDTO">
	<![CDATA[
		SELECT *
		  FROM ( SELECT A.*, ROWNUM AS rn
				   FROM ( SELECT *
				            FROM v_order
				           ORDER BY order_no DESC
	                    ) A
			   )
		 WHERE rn BETWEEN #{start} AND #{end}
	]]>
	</select>
	
	<!-- 8. 특정고객 주문조회 -->
 	<select id="selectOrderList" parameterType="java.util.Map" resultType="com.spring.pj_jsr.dto.OrderDTO">
	<![CDATA[
		SELECT *
		  FROM ( SELECT A.*, ROWNUM AS rn
				   FROM ( SELECT *
				            FROM v_order
				           WHERE id=#{id}
				           ORDER BY order_no DESC
	                    ) A
			   )
		 WHERE rn BETWEEN #{start} AND #{end}
	]]>
	</select>
	
	<!-- 9. 주문 상태에 따른 목록 조회 -->
 	<select id="selectOrderStatuslist" parameterType="java.util.Map" resultType="com.spring.pj_jsr.dto.OrderDTO">
	<![CDATA[
		SELECT *
		  FROM ( SELECT A.*, ROWNUM AS rn
				   FROM ( SELECT *
				            FROM v_order
				           WHERE o_status=#{o_status}
				           ORDER BY order_no DESC
	                    ) A
			   )
		 WHERE rn BETWEEN #{start} AND #{end}
	]]>
	</select>

	<!-- 10. 주문 상태에 따른 환불목록 조회 -->
 	<select id="selectRefundStatuslist" parameterType="java.util.Map" resultType="com.spring.pj_jsr.dto.OrderDTO">
	<![CDATA[
		SELECT *
		  FROM ( SELECT A.*, ROWNUM AS rn
				   FROM ( SELECT *
				            FROM v_order
				           WHERE o_status=#{o_status}
				             AND o_status LIKE '환불' || '%'
				           ORDER BY order_no DESC
	                    ) A
			   )
		 WHERE rn BETWEEN #{start} AND #{end}
	]]>
	</select>

	<!-- 11. 결제 후 주문 등록 -->
 	<insert id="insertOrder" parameterType="com.spring.pj_jsr.dto.OrderDTO">
		INSERT INTO order_tbl(order_no, id, p_code, p_price, o_qty, o_total)
		VALUES (order_no_seq.NEXTVAL, #{id}, #{p_code}, #{p_price}, #{o_qty}, #{o_total})
	</insert>

	<!-- 12. 상태 변경 -->
 	<update id="updateState" parameterType="java.util.Map">
		UPDATE order_tbl
		<set>
			<choose>
				<when test='state.equals("환불승인")'>
					o_status=#{state}, o_qty=0, refund_day=sysdate, r_qty=#{o_qty}, o_total=0, r_total=#{o_total}
				</when>
				<when test='state.equals("구매거절")'>
					o_status=#{state}, o_total=0
				</when>
				<otherwise>
					o_status=#{state}
				</otherwise>
			</choose>
		</set>
		WHERE order_no=#{order_no}
	</update>

	<!-- 13. 전체 주문 총 개수 -->
	<select id="selectOrderAllTotal" parameterType="Integer" resultType="Integer">
		SELECT COUNT(*) FROM order_tbl
	</select>

	<!-- 14. 관리자 - 주문 총 개수 -->
 	<select id="orderCount" parameterType="Integer" resultType="Integer">
		SELECT COUNT(*) FROM order_tbl WHERE o_status LIKE '구매' || '%'
	</select>

	<!-- 15. 관리자 - 환불 총 개수 --><!-- 문제있음 -->
  	<select id="refundCount" parameterType="Integer" resultType="Integer">
		SELECT COUNT(*) FROM order_tbl WHERE o_status LIKE '환불' || '%'
	</select>

	<!-- 16. 고객 주문 총 개수 -->
  	<select id="customerOrderCount" parameterType="String" resultType="Integer">
		SELECT COUNT(order_no) FROM order_tbl WHERE id=#{id} AND o_status LIKE '구매%'
	</select>

	<!-- 17. 고객 환불 총 개수 -->
  	<select id="customerRefundCount" parameterType="String" resultType="Integer">
		SELECT COUNT(*) FROM order_tbl WHERE id=#{id} AND o_status LIKE '환불승인'
	</select>
	
	<!-- 18. 바로구매 ORDER_TBL (1건) INSERT -->
 	<insert id="now_buy" parameterType="com.spring.pj_jsr.dto.OrderDTO">
		INSERT INTO order_tbl(order_no, p_code, p_price, id, o_qty, o_total)
		VALUES (order_no_seq.NEXTVAL, #{p_code}, #{p_price}, #{id}, #{o_qty}, #{o_total})
	</insert>

	<!-- [ 결산 ] -->
	<!-- 19. 결산 -->
  	<select id="totalOrderSales" parameterType="Integer" resultMap="salesMap">
		SELECT p_category, order_total_sales, refund_total_sales FROM v_sales ORDER BY p_category DESC
	</select>
	
	<resultMap type="com.spring.pj_jsr.dto.SalesDTO" id="salesMap">
		<result column="p_category" property="category"></result>
		<result column="order_total_sales" property="orderTotal"></result>
		<result column="refund_total_sales" property="refundTotal"></result>
	</resultMap>
	
	
	
</mapper>