<?xml version="1.0" encoding="UTF-8"?>

<!DOCTYPE mapper
	PUBLIC "-//mybatis.org//DTD Mapper 3.0//EN"
	"http://mybatis.org/dtd/mybatis-3-mapper.dtd">
	
<mapper namespace="com.spring.pj_jsr.dao.ProductDAO"> <!-- namespace="패키지명.인터페이스" -->
	
	<!-- 
		1. <mapper namespace="패키지명.인터페이스명">
		2. <id="인터페이스의 메서드명">는 유일해야 하며, 인터페이스의 메서드명을 사용한다.
		   따라서 인터페이스 메서드 갯수만큼 Mapper도 작성해야 한다.
		3. select 문장은 반드시 resultType을 기술해야 한다.
		   주의사항 : select 문장의 resultType이 int형이면 "SELECT * " ==> "SELECT COUNT(*) "로 바꾼다.
		4. insert, update, delete 구문은 <insert><update><delete> 엘리먼트를 사용하며, parameterType이 필수이다.
		   resultType은 int형이며, 마이바티스가 알아서 성공, 실패 여부의 결과값을 넘긴다.
		   따라서 resultType 은 따로 사용하지 않는다.
		5. parameterType, resultType이 클래스타입인 경우 패키지명.클래스명을 기술한다.
		6. 문장의 끝에 ';'을 붙이지 않는다.
		7.  주의사항 : 파라미터 일반변수명은 #{변수명}으로 기술하며, 메서드의 매개변수명과 반드시 일치해야 한다. 예) id=#{strId}
		8. 파라미터 값이 2개이상일 때는 parameterType을 java.util.Map 또는 VO로 받는다.
		   주의사항 : Map에 추가(put)된 키명와 #{변수명}은 반드시 일치해야 한다.
		9. preparedStatement의 '?' 대신에 pstmt에서 set한 변수명이 온다. ==> #{변수명}
	-->
	
	<!-- 1. 재고/상품 개수 구하기 -->
	<select id="productCount" parameterType="Integer" resultType="Integer">
		SELECT COUNT(*) FROM product_tbl
	</select>
	
	<!-- 2. 재고/상품 목록 조회 -->
	<select id="productList" parameterType="java.util.Map" resultType="com.spring.pj_jsr.dto.ProductDTO">
	<![CDATA[
		SELECT *
		  FROM ( SELECT A.*, ROWNUM AS rn
				   FROM ( SELECT *
				            FROM product_tbl
				           ORDER BY p_code DESC
	                    ) A
			   )
		 WHERE rn >= #{start} AND rn <= #{end}
	]]>
	</select>

	<!-- 3. 카테고리별 재고/상품 목록 -->
	<select id="productListCategory" parameterType="java.util.Map" resultType="com.spring.pj_jsr.dto.ProductDTO">
	<![CDATA[
		SELECT *
		  FROM ( SELECT A.*, ROWNUM AS rn
	               FROM ( SELECT *
			                FROM product_tbl
		                   WHERE p_category=#{category}
			               ORDER BY p_code DESC
	           			 ) A
	      		)
		 WHERE rn BETWEEN #{start} AND #{end}
	]]>
	</select>

	<!-- 4. 재고/상품 상세 조회 -->
	<select id="productRead" parameterType="Integer" resultType="com.spring.pj_jsr.dto.ProductDTO" >
		SELECT * FROM product_tbl WHERE p_code=#{p_code}
	</select>
	
	<!-- 5. 재고/상품 등록 -->
	<insert id="productInsert" parameterType="com.spring.pj_jsr.dto.ProductDTO">
		INSERT INTO product_tbl (p_code, p_brand, p_category, p_name, p_content, p_img, p_price, p_qty, status)
		VALUES((SELECT NVL(MAX(p_code)+1,1) FROM product_tbl), #{p_brand}, #{p_category}, #{p_name}, #{p_content}, #{p_img}, #{p_price}, #{p_qty}, #{status})
	</insert>

	<!-- 6. 재고/상품 수정 -->
	<update id="productUpdate" parameterType="com.spring.pj_jsr.dto.ProductDTO">
		UPDATE product_tbl
		SET p_brand=#{p_brand}, p_category=#{p_category}, p_name=#{p_name}, p_content=#{p_content}, p_img=#{p_img}, p_price=#{p_price}, p_qty=#{p_qty}, status=#{status}
		WHERE p_code=#{p_code}
	</update>

	<!-- 7. 재고/상품 삭제 -->
	<delete id="productDelete" parameterType="Integer">
		DELETE FROM product_tbl WHERE p_code=#{p_code}
	</delete>
	
	<!-- 8-1. 검색한 재고/상품 총 개수 - ALL -->
	<select id="searchTotalAll" parameterType="java.util.Map" resultType="Integer">
		SELECT COUNT(*) total FROM product_tbl
		 WHERE p_name LIKE '%' || ? || '%'
	</select>
	
	<!-- 8-2. 검색한 재고/상품 총 개수 - Category -->
	<select id="searchTotalCategory" parameterType="java.util.Map" resultType="Integer">
		SELECT COUNT(*) total FROM product_tbl
		 WHERE p_category=?
		   AND p_name LIKE '%' || ? || '%'
	</select>
	
	<!-- 9-1. 재고/상품 검색 -->
	<select id="searchProductAll" parameterType="java.util.Map" resultType="com.spring.pj_jsr.dto.ProductDTO">
		SELECT * FROM ( SELECT A.*, ROWNUM AS rn
		  FROM ( SELECT *
		          FROM product_tbl
		         WHERE p_name LIKE '%' || ? || '%'
		         ORDER BY p_code DESC ) A
		       )
		 WHERE rn BETWEEN ? AND ?
	</select>
	
	<!-- 9-2. 재고/상품 검색 -->
	<select id="searchProductCategory" parameterType="java.util.Map" resultType="com.spring.pj_jsr.dto.ProductDTO">
		SELECT * FROM ( SELECT A.*, ROWNUM AS rn
		  FROM ( SELECT *
		          FROM product_tbl
		         WHERE p_category=?
		           AND p_name LIKE '%' || ? || '%'
		         ORDER BY p_code DESC ) A
		       )
		 WHERE rn BETWEEN ? AND ?
	</select>
	
	<!-- 10. 재고 증가 -->
	<update id="plusStock" parameterType="java.util.Map">
		UPDATE product_tbl
		   SET p_qty = (p_qty + (SELECT o_qty FROM order_tbl WHERE order_no=#{order_no}))
		 WHERE p_code=#{p_code}
	</update>
	
	<!-- 11. 재고 감소 -->
	<update id="minusStock" parameterType="java.util.Map">
		UPDATE product_tbl
		   SET p_qty = (p_qty - (SELECT o_qty FROM order_tbl WHERE order_no=#{order_no}))
		 WHERE p_code=#{p_code}
	</update>
	
</mapper>